--
-- PostgreSQL database dump
--

\restrict Mh7BLvj8MC9dLP0qjnZ4srDLOSnRrt9gZz8bR0msqLjoWs312dDQPtgWhCDHfSg

-- Dumped from database version 16.14 (Debian 16.14-1.pgdg13+1)
-- Dumped by pg_dump version 16.14 (Debian 16.14-1.pgdg13+1)

SET statement_timeout = 0;
SET lock_timeout = 0;
SET idle_in_transaction_session_timeout = 0;
SET client_encoding = 'UTF8';
SET standard_conforming_strings = on;
SELECT pg_catalog.set_config('search_path', '', false);
SET check_function_bodies = false;
SET xmloption = content;
SET client_min_messages = warning;
SET row_security = off;

--
-- Name: analytics; Type: SCHEMA; Schema: -; Owner: -
--

CREATE SCHEMA analytics;


SET default_tablespace = '';

SET default_table_access_method = heap;

--
-- Name: anomalies; Type: TABLE; Schema: analytics; Owner: -
--

CREATE TABLE analytics.anomalies (
    anomaly_id bigint NOT NULL,
    city_id integer NOT NULL,
    date_id integer NOT NULL,
    metric text NOT NULL,
    observed_value numeric,
    historical_mean numeric,
    historical_std numeric,
    z_score numeric,
    direction text,
    detected_at timestamp with time zone DEFAULT now() NOT NULL,
    CONSTRAINT anomalies_direction_check CHECK ((direction = ANY (ARRAY['above'::text, 'below'::text])))
);


--
-- Name: anomalies_anomaly_id_seq; Type: SEQUENCE; Schema: analytics; Owner: -
--

CREATE SEQUENCE analytics.anomalies_anomaly_id_seq
    START WITH 1
    INCREMENT BY 1
    NO MINVALUE
    NO MAXVALUE
    CACHE 1;


--
-- Name: anomalies_anomaly_id_seq; Type: SEQUENCE OWNED BY; Schema: analytics; Owner: -
--

ALTER SEQUENCE analytics.anomalies_anomaly_id_seq OWNED BY analytics.anomalies.anomaly_id;


--
-- Name: dim_city; Type: TABLE; Schema: analytics; Owner: -
--

CREATE TABLE analytics.dim_city (
    city_id integer NOT NULL,
    city_name text NOT NULL,
    state text NOT NULL,
    latitude numeric,
    longitude numeric
);


--
-- Name: dim_city_city_id_seq; Type: SEQUENCE; Schema: analytics; Owner: -
--

CREATE SEQUENCE analytics.dim_city_city_id_seq
    AS integer
    START WITH 1
    INCREMENT BY 1
    NO MINVALUE
    NO MAXVALUE
    CACHE 1;


--
-- Name: dim_city_city_id_seq; Type: SEQUENCE OWNED BY; Schema: analytics; Owner: -
--

ALTER SEQUENCE analytics.dim_city_city_id_seq OWNED BY analytics.dim_city.city_id;


--
-- Name: dim_date; Type: TABLE; Schema: analytics; Owner: -
--

CREATE TABLE analytics.dim_date (
    date_id integer NOT NULL,
    year integer NOT NULL,
    month integer,
    quarter integer,
    is_monsoon boolean,
    label text NOT NULL
);


--
-- Name: fact_accident_month; Type: TABLE; Schema: analytics; Owner: -
--

CREATE TABLE analytics.fact_accident_month (
    city_id integer NOT NULL,
    date_id integer NOT NULL,
    grain text NOT NULL,
    total_accidents integer,
    fatalities integer,
    injuries integer,
    CONSTRAINT fact_accident_month_grain_check CHECK ((grain = ANY (ARRAY['state_month'::text, 'state_year'::text])))
);


--
-- Name: fact_environment_month; Type: TABLE; Schema: analytics; Owner: -
--

CREATE TABLE analytics.fact_environment_month (
    city_id integer NOT NULL,
    date_id integer NOT NULL,
    avg_aqi numeric,
    avg_pm25 numeric,
    avg_pm10 numeric,
    total_rainfall_mm numeric,
    avg_temp_c numeric,
    avg_humidity numeric,
    avg_wind_kmh numeric,
    road_density_km_per_km2 numeric
);


--
-- Name: fact_risk_prediction; Type: TABLE; Schema: analytics; Owner: -
--

CREATE TABLE analytics.fact_risk_prediction (
    prediction_id bigint NOT NULL,
    city_id integer NOT NULL,
    date_id integer NOT NULL,
    model_version text NOT NULL,
    risk_level text NOT NULL,
    confidence numeric(4,3),
    top_features jsonb,
    predicted_at timestamp with time zone DEFAULT now() NOT NULL,
    CONSTRAINT fact_risk_prediction_risk_level_check CHECK ((risk_level = ANY (ARRAY['Low'::text, 'Medium'::text, 'High'::text])))
);


--
-- Name: fact_risk_prediction_prediction_id_seq; Type: SEQUENCE; Schema: analytics; Owner: -
--

CREATE SEQUENCE analytics.fact_risk_prediction_prediction_id_seq
    START WITH 1
    INCREMENT BY 1
    NO MINVALUE
    NO MAXVALUE
    CACHE 1;


--
-- Name: fact_risk_prediction_prediction_id_seq; Type: SEQUENCE OWNED BY; Schema: analytics; Owner: -
--

ALTER SEQUENCE analytics.fact_risk_prediction_prediction_id_seq OWNED BY analytics.fact_risk_prediction.prediction_id;


--
-- Name: anomalies anomaly_id; Type: DEFAULT; Schema: analytics; Owner: -
--

ALTER TABLE ONLY analytics.anomalies ALTER COLUMN anomaly_id SET DEFAULT nextval('analytics.anomalies_anomaly_id_seq'::regclass);


--
-- Name: dim_city city_id; Type: DEFAULT; Schema: analytics; Owner: -
--

ALTER TABLE ONLY analytics.dim_city ALTER COLUMN city_id SET DEFAULT nextval('analytics.dim_city_city_id_seq'::regclass);


--
-- Name: fact_risk_prediction prediction_id; Type: DEFAULT; Schema: analytics; Owner: -
--

ALTER TABLE ONLY analytics.fact_risk_prediction ALTER COLUMN prediction_id SET DEFAULT nextval('analytics.fact_risk_prediction_prediction_id_seq'::regclass);


--
-- Data for Name: anomalies; Type: TABLE DATA; Schema: analytics; Owner: -
--

COPY analytics.anomalies (anomaly_id, city_id, date_id, metric, observed_value, historical_mean, historical_std, z_score, direction, detected_at) FROM stdin;
121	1	202207	total_rainfall_mm	27.385358974358972	3.130123870924104	7.585754108248723	3.197471834350629	above	2026-07-13 07:10:20.132029+00
122	2	201201	avg_pm10	756.2066666666666	330.10340253821204	144.05811593283977	2.957856705047461	above	2026-07-13 07:10:20.132029+00
123	2	201002	avg_wind_kmh	9.206818655075287	4.27418564798349	1.6043150645506203	3.074603683580981	above	2026-07-13 07:10:20.132029+00
124	2	201003	avg_temp_c	36.207499999999996	24.772092679161958	4.120141206008708	2.775489175992545	above	2026-07-13 07:10:20.132029+00
125	2	201206	avg_pm25	325.94588474474364	110.08109948321909	73.80668458867676	2.924732176557379	above	2026-07-13 07:10:20.132029+00
126	2	201207	avg_pm25	258.2932088891513	73.44917154603034	59.75562958093295	3.093332605470559	above	2026-07-13 07:10:20.132029+00
127	2	201210	avg_pm10	618.4545833333333	268.5566040012818	131.9224249348026	2.652300998143224	above	2026-07-13 07:10:20.132029+00
128	2	201211	avg_pm10	778.874	411.9564766809617	135.89301059387523	2.700047056986575	above	2026-07-13 07:10:20.132029+00
129	3	201403	avg_humidity	8.771220407344995	44.40772807882827	11.315902734924148	-3.149241249794301	below	2026-07-13 07:10:20.132029+00
130	3	201405	avg_humidity	47.21359663550691	65.9091896319259	7.056073934900595	-2.649574418990604	below	2026-07-13 07:10:20.132029+00
131	3	201305	avg_wind_kmh	39.5798641873706	7.5922682132765305	9.720650263915534	3.2906847901767105	above	2026-07-13 07:10:20.132029+00
132	3	201407	avg_humidity	27.014118040329095	72.2588346743874	15.051760921208157	-3.0059417546493066	below	2026-07-13 07:10:20.132029+00
133	3	201408	avg_humidity	16.280918559766658	71.5846977272764	18.239310954817235	-3.0321199799986585	below	2026-07-13 07:10:20.132029+00
134	3	201409	avg_humidity	22.31508714451644	69.34050774614083	17.236256356210117	-2.7282850538876686	below	2026-07-13 07:10:20.132029+00
135	3	201410	avg_humidity	7.9248054080204815	64.15533785302073	20.737740456244055	-2.711507194510646	below	2026-07-13 07:10:20.132029+00
136	4	202001	total_rainfall_mm	40.766666666666666	3.73898915396198	10.861004571423777	3.409231371665899	above	2026-07-13 07:10:20.132029+00
137	4	202002	total_rainfall_mm	24.212210144927536	2.317895962732919	6.475185797399279	3.3812642397054216	above	2026-07-13 07:10:20.132029+00
138	4	201903	total_rainfall_mm	46.18411231884058	5.234859839816934	13.519498856694552	3.028903135617819	above	2026-07-13 07:10:20.132029+00
139	4	201904	total_rainfall_mm	39.47541666666667	4.865480570154483	12.099986324633402	2.860328529963093	above	2026-07-13 07:10:20.132029+00
140	4	201905	total_rainfall_mm	37.875742753623186	4.920506736462114	11.965527971977203	2.7541815199747925	above	2026-07-13 07:10:20.132029+00
141	4	201906	total_rainfall_mm	37.396123188405795	4.627050007963051	10.86936137692711	3.0148112703293823	above	2026-07-13 07:10:20.132029+00
142	4	201907	total_rainfall_mm	51.52969202898551	5.978353173082881	14.42891505812871	3.156948299466266	above	2026-07-13 07:10:20.132029+00
143	4	201909	total_rainfall_mm	28.442083333333333	4.463131511650743	9.20609872118595	2.604681151908565	above	2026-07-13 07:10:20.132029+00
144	4	201910	total_rainfall_mm	30.378095238095238	2.9044816849816852	8.340641292274698	3.2939449846093094	above	2026-07-13 07:10:20.132029+00
145	4	202210	avg_wind_kmh	13.365071832620517	3.2439079007533818	3.431580053882077	2.9494179861598355	above	2026-07-13 07:10:20.132029+00
146	4	201911	total_rainfall_mm	23.852166666666665	2.331320512820513	6.567801013386618	3.2767201853378243	above	2026-07-13 07:10:20.132029+00
147	4	201912	total_rainfall_mm	20.757424242424243	2.548276223776224	5.983941315047143	3.0430024393554005	above	2026-07-13 07:10:20.132029+00
148	5	201610	avg_wind_kmh	6.891671457834845	3.6091103669874496	1.255701308164241	2.614125723613604	above	2026-07-13 07:10:20.132029+00
149	6	201402	avg_humidity	34.694367228993976	66.75293624367576	12.69119647695914	-2.526047805885292	below	2026-07-13 07:10:20.132029+00
150	6	201403	avg_humidity	32.1023086819566	67.17713135903989	13.517187983185467	-2.594831315560172	below	2026-07-13 07:10:20.132029+00
151	6	201904	avg_wind_kmh	21.52285676417494	8.404106034654612	4.9733988592815965	2.637783757286525	above	2026-07-13 07:10:20.132029+00
152	6	201405	avg_humidity	37.23307499305843	62.3919418825731	9.197137731054461	-2.735510506118101	below	2026-07-13 07:10:20.132029+00
153	6	201905	avg_wind_kmh	27.05526593534162	8.760314464406797	6.480428571223186	2.823108266662314	above	2026-07-13 07:10:20.132029+00
154	6	201406	avg_humidity	34.65578218062766	59.750675990479856	9.542837588932072	-2.6297098295959302	below	2026-07-13 07:10:20.132029+00
155	6	201906	avg_wind_kmh	18.920782935113696	7.9603769394911685	4.267312154774796	2.5684565829942088	above	2026-07-13 07:10:20.132029+00
156	6	201407	avg_humidity	31.449986963487138	61.9941387547231	11.25430359259503	-2.713997497928973	below	2026-07-13 07:10:20.132029+00
157	6	202111	total_rainfall_mm	17.689065734989647	2.3837736538823497	5.273699424026105	2.902192720991817	above	2026-07-13 07:10:20.132029+00
\.


--
-- Data for Name: dim_city; Type: TABLE DATA; Schema: analytics; Owner: -
--

COPY analytics.dim_city (city_id, city_name, state, latitude, longitude) FROM stdin;
1	Mumbai	Maharashtra	19.076	72.8777
2	Delhi	Delhi	28.7041	77.1025
3	Bengaluru	Karnataka	12.9716	77.5946
4	Pune	Maharashtra	18.5204	73.8567
5	Hyderabad	Telangana	17.385	78.4867
6	Chennai	Tamil Nadu	13.0827	80.2707
\.


--
-- Data for Name: dim_date; Type: TABLE DATA; Schema: analytics; Owner: -
--

COPY analytics.dim_date (date_id, year, month, quarter, is_monsoon, label) FROM stdin;
201000	2010	\N	\N	\N	2010
201001	2010	1	1	f	2010-01
201002	2010	2	1	f	2010-02
201003	2010	3	1	f	2010-03
201004	2010	4	2	f	2010-04
201005	2010	5	2	f	2010-05
201006	2010	6	2	t	2010-06
201007	2010	7	3	t	2010-07
201008	2010	8	3	t	2010-08
201009	2010	9	3	t	2010-09
201010	2010	10	4	f	2010-10
201011	2010	11	4	f	2010-11
201012	2010	12	4	f	2010-12
201100	2011	\N	\N	\N	2011
201101	2011	1	1	f	2011-01
201102	2011	2	1	f	2011-02
201103	2011	3	1	f	2011-03
201104	2011	4	2	f	2011-04
201105	2011	5	2	f	2011-05
201106	2011	6	2	t	2011-06
201107	2011	7	3	t	2011-07
201108	2011	8	3	t	2011-08
201109	2011	9	3	t	2011-09
201110	2011	10	4	f	2011-10
201111	2011	11	4	f	2011-11
201112	2011	12	4	f	2011-12
201200	2012	\N	\N	\N	2012
201201	2012	1	1	f	2012-01
201202	2012	2	1	f	2012-02
201203	2012	3	1	f	2012-03
201204	2012	4	2	f	2012-04
201205	2012	5	2	f	2012-05
201206	2012	6	2	t	2012-06
201207	2012	7	3	t	2012-07
201208	2012	8	3	t	2012-08
201209	2012	9	3	t	2012-09
201210	2012	10	4	f	2012-10
201211	2012	11	4	f	2012-11
201212	2012	12	4	f	2012-12
201300	2013	\N	\N	\N	2013
201301	2013	1	1	f	2013-01
201302	2013	2	1	f	2013-02
201303	2013	3	1	f	2013-03
201304	2013	4	2	f	2013-04
201305	2013	5	2	f	2013-05
201306	2013	6	2	t	2013-06
201307	2013	7	3	t	2013-07
201308	2013	8	3	t	2013-08
201309	2013	9	3	t	2013-09
201310	2013	10	4	f	2013-10
201311	2013	11	4	f	2013-11
201312	2013	12	4	f	2013-12
201400	2014	\N	\N	\N	2014
201401	2014	1	1	f	2014-01
201402	2014	2	1	f	2014-02
201403	2014	3	1	f	2014-03
201404	2014	4	2	f	2014-04
201405	2014	5	2	f	2014-05
201406	2014	6	2	t	2014-06
201407	2014	7	3	t	2014-07
201408	2014	8	3	t	2014-08
201409	2014	9	3	t	2014-09
201410	2014	10	4	f	2014-10
201411	2014	11	4	f	2014-11
201412	2014	12	4	f	2014-12
201500	2015	\N	\N	\N	2015
201501	2015	1	1	f	2015-01
201502	2015	2	1	f	2015-02
201503	2015	3	1	f	2015-03
201504	2015	4	2	f	2015-04
201505	2015	5	2	f	2015-05
201506	2015	6	2	t	2015-06
201507	2015	7	3	t	2015-07
201508	2015	8	3	t	2015-08
201509	2015	9	3	t	2015-09
201510	2015	10	4	f	2015-10
201511	2015	11	4	f	2015-11
201512	2015	12	4	f	2015-12
201600	2016	\N	\N	\N	2016
201601	2016	1	1	f	2016-01
201602	2016	2	1	f	2016-02
201603	2016	3	1	f	2016-03
201604	2016	4	2	f	2016-04
201605	2016	5	2	f	2016-05
201606	2016	6	2	t	2016-06
201607	2016	7	3	t	2016-07
201608	2016	8	3	t	2016-08
201609	2016	9	3	t	2016-09
201610	2016	10	4	f	2016-10
201611	2016	11	4	f	2016-11
201612	2016	12	4	f	2016-12
201700	2017	\N	\N	\N	2017
201701	2017	1	1	f	2017-01
201702	2017	2	1	f	2017-02
201703	2017	3	1	f	2017-03
201704	2017	4	2	f	2017-04
201705	2017	5	2	f	2017-05
201706	2017	6	2	t	2017-06
201707	2017	7	3	t	2017-07
201708	2017	8	3	t	2017-08
201709	2017	9	3	t	2017-09
201710	2017	10	4	f	2017-10
201711	2017	11	4	f	2017-11
201712	2017	12	4	f	2017-12
201800	2018	\N	\N	\N	2018
201801	2018	1	1	f	2018-01
201802	2018	2	1	f	2018-02
201803	2018	3	1	f	2018-03
201804	2018	4	2	f	2018-04
201805	2018	5	2	f	2018-05
201806	2018	6	2	t	2018-06
201807	2018	7	3	t	2018-07
201808	2018	8	3	t	2018-08
201809	2018	9	3	t	2018-09
201810	2018	10	4	f	2018-10
201811	2018	11	4	f	2018-11
201812	2018	12	4	f	2018-12
201900	2019	\N	\N	\N	2019
201901	2019	1	1	f	2019-01
201902	2019	2	1	f	2019-02
201903	2019	3	1	f	2019-03
201904	2019	4	2	f	2019-04
201905	2019	5	2	f	2019-05
201906	2019	6	2	t	2019-06
201907	2019	7	3	t	2019-07
201908	2019	8	3	t	2019-08
201909	2019	9	3	t	2019-09
201910	2019	10	4	f	2019-10
201911	2019	11	4	f	2019-11
201912	2019	12	4	f	2019-12
202000	2020	\N	\N	\N	2020
202001	2020	1	1	f	2020-01
202002	2020	2	1	f	2020-02
202003	2020	3	1	f	2020-03
202004	2020	4	2	f	2020-04
202005	2020	5	2	f	2020-05
202006	2020	6	2	t	2020-06
202007	2020	7	3	t	2020-07
202008	2020	8	3	t	2020-08
202009	2020	9	3	t	2020-09
202010	2020	10	4	f	2020-10
202011	2020	11	4	f	2020-11
202012	2020	12	4	f	2020-12
202100	2021	\N	\N	\N	2021
202101	2021	1	1	f	2021-01
202102	2021	2	1	f	2021-02
202103	2021	3	1	f	2021-03
202104	2021	4	2	f	2021-04
202105	2021	5	2	f	2021-05
202106	2021	6	2	t	2021-06
202107	2021	7	3	t	2021-07
202108	2021	8	3	t	2021-08
202109	2021	9	3	t	2021-09
202110	2021	10	4	f	2021-10
202111	2021	11	4	f	2021-11
202112	2021	12	4	f	2021-12
202200	2022	\N	\N	\N	2022
202201	2022	1	1	f	2022-01
202202	2022	2	1	f	2022-02
202203	2022	3	1	f	2022-03
202204	2022	4	2	f	2022-04
202205	2022	5	2	f	2022-05
202206	2022	6	2	t	2022-06
202207	2022	7	3	t	2022-07
202208	2022	8	3	t	2022-08
202209	2022	9	3	t	2022-09
202210	2022	10	4	f	2022-10
202211	2022	11	4	f	2022-11
202212	2022	12	4	f	2022-12
202300	2023	\N	\N	\N	2023
202301	2023	1	1	f	2023-01
202302	2023	2	1	f	2023-02
202303	2023	3	1	f	2023-03
202304	2023	4	2	f	2023-04
202305	2023	5	2	f	2023-05
202306	2023	6	2	t	2023-06
202307	2023	7	3	t	2023-07
202308	2023	8	3	t	2023-08
202309	2023	9	3	t	2023-09
202310	2023	10	4	f	2023-10
202311	2023	11	4	f	2023-11
202312	2023	12	4	f	2023-12
202400	2024	\N	\N	\N	2024
202401	2024	1	1	f	2024-01
202402	2024	2	1	f	2024-02
202403	2024	3	1	f	2024-03
202404	2024	4	2	f	2024-04
202405	2024	5	2	f	2024-05
202406	2024	6	2	t	2024-06
202407	2024	7	3	t	2024-07
202408	2024	8	3	t	2024-08
202409	2024	9	3	t	2024-09
202410	2024	10	4	f	2024-10
202411	2024	11	4	f	2024-11
202412	2024	12	4	f	2024-12
202500	2025	\N	\N	\N	2025
202501	2025	1	1	f	2025-01
202502	2025	2	1	f	2025-02
202503	2025	3	1	f	2025-03
202504	2025	4	2	f	2025-04
202505	2025	5	2	f	2025-05
202506	2025	6	2	t	2025-06
202507	2025	7	3	t	2025-07
202508	2025	8	3	t	2025-08
202509	2025	9	3	t	2025-09
202510	2025	10	4	f	2025-10
202511	2025	11	4	f	2025-11
202512	2025	12	4	f	2025-12
202600	2026	\N	\N	\N	2026
202601	2026	1	1	f	2026-01
202602	2026	2	1	f	2026-02
202603	2026	3	1	f	2026-03
202604	2026	4	2	f	2026-04
202605	2026	5	2	f	2026-05
202606	2026	6	2	t	2026-06
202607	2026	7	3	t	2026-07
202608	2026	8	3	t	2026-08
202609	2026	9	3	t	2026-09
202610	2026	10	4	f	2026-10
202611	2026	11	4	f	2026-11
202612	2026	12	4	f	2026-12
\.


--
-- Data for Name: fact_accident_month; Type: TABLE DATA; Schema: analytics; Owner: -
--

COPY analytics.fact_accident_month (city_id, date_id, grain, total_accidents, fatalities, injuries) FROM stdin;
1	202100	state_year	29477	\N	\N
1	202200	state_year	33383	\N	\N
1	202300	state_year	35243	\N	\N
1	202400	state_year	36118	\N	\N
2	202100	state_year	4720	\N	\N
2	202300	state_year	5834	\N	\N
2	202400	state_year	5657	\N	\N
2	202200	state_year	5652	\N	\N
3	202100	state_year	34647	\N	\N
3	202200	state_year	39762	\N	\N
3	202300	state_year	43440	\N	\N
3	202400	state_year	43062	\N	\N
4	202100	state_year	29477	\N	\N
4	202200	state_year	33383	\N	\N
4	202300	state_year	35243	\N	\N
4	202400	state_year	36118	\N	\N
5	202100	state_year	21315	\N	\N
5	202200	state_year	21619	\N	\N
5	202300	state_year	22903	\N	\N
5	202400	state_year	25986	\N	\N
6	202100	state_year	55682	\N	\N
6	202200	state_year	64105	\N	\N
6	202300	state_year	67213	\N	\N
6	202400	state_year	67526	\N	\N
\.


--
-- Data for Name: fact_environment_month; Type: TABLE DATA; Schema: analytics; Owner: -
--

COPY analytics.fact_environment_month (city_id, date_id, avg_aqi, avg_pm25, avg_pm10, total_rainfall_mm, avg_temp_c, avg_humidity, avg_wind_kmh, road_density_km_per_km2) FROM stdin;
1	201005	\N	\N	\N	0.0	32.03370833333334	\N	\N	\N
3	201001	\N	\N	\N	0.0	\N	63.20562110954112	4.392923352448142	\N
3	201002	\N	\N	\N	0.0	\N	56.31846992850719	5.357192943857385	\N
3	201003	\N	\N	\N	0.0	\N	45.72910459292804	4.2119710378780315	\N
3	201004	\N	\N	\N	0.0	\N	56.71112813074525	4.552891016694976	\N
3	201005	\N	\N	\N	0.0	\N	69.05242177778942	5.545200079377329	\N
3	201006	\N	\N	\N	0.0	\N	77.39990261216477	6.889194514398644	\N
3	201007	\N	\N	\N	0.0	\N	82.50575725791627	7.204371434802741	\N
3	201008	\N	\N	\N	0.0	\N	82.41356159071077	5.049169464929922	\N
3	201009	\N	\N	\N	0.0	\N	81.63221913585716	6.226798563850338	\N
3	201010	\N	\N	\N	0.0	\N	80.95899471663373	5.763335416101925	\N
3	201011	\N	\N	\N	0.0	\N	85.99174504357299	3.473193823529412	\N
3	201012	\N	\N	\N	0.0	\N	70.39514840317207	5.096468560611899	\N
3	201101	\N	\N	\N	0.0	\N	54.566940452107715	4.753678013150944	\N
3	201102	\N	\N	\N	0.0	\N	51.894002053219516	4.169016333411195	\N
3	201103	\N	\N	\N	0.0	\N	42.92396293760124	5.149983961855864	\N
3	201104	\N	\N	\N	0.0	\N	61.790639462775665	5.726352243664264	\N
3	201105	\N	\N	\N	0.0	\N	68.95640751887464	8.023238758887867	\N
3	201106	\N	\N	\N	0.0	\N	79.54527435798235	13.999887081596558	\N
3	201107	\N	\N	\N	0.0	\N	82.45816118250094	12.66021293517142	\N
3	201108	\N	\N	\N	0.0	\N	84.98200166633393	10.85960996405689	\N
3	201109	\N	\N	\N	0.0	\N	78.93023319948972	10.095474421230943	\N
3	201110	\N	\N	\N	0.0	\N	78.86594174861774	4.003152395991106	\N
3	201111	\N	\N	\N	0.0	\N	73.09210577646755	4.555814480519481	\N
3	201112	\N	\N	\N	0.0	\N	69.88442396895219	2.5835838814411396	\N
3	201201	\N	\N	\N	0.0	\N	63.53055756357709	2.57615	\N
3	201202	\N	\N	\N	0.0	\N	49.400648528533665	3.2907101384372752	\N
3	201203	\N	\N	\N	0.0	\N	45.660192525085456	2.498305379094134	\N
3	201204	\N	\N	\N	0.0	\N	56.732429100984895	2.588025728619207	\N
3	201205	\N	\N	\N	0.0	\N	68.33736084172465	3.279966792714925	\N
3	201206	\N	\N	\N	0.0	\N	70.50271190914101	7.785071981422468	\N
3	201207	\N	\N	\N	0.0	\N	73.13518995312386	7.645815470294082	\N
3	201208	\N	\N	\N	0.0	\N	56.239158968870015	10.378760094485864	\N
3	201209	\N	\N	\N	0.0	\N	46.25583621131955	9.084777777777779	\N
3	201210	\N	\N	\N	0.0	\N	44.887600675914754	6.056931818181818	\N
3	201211	\N	\N	\N	0.0	\N	45.773781522740606	5.182108470764617	\N
3	201212	\N	\N	\N	0.0	\N	71.76760163127946	3.725560428771789	\N
3	201301	\N	\N	\N	0.0	\N	59.19331732914425	4.09738301796337	\N
3	201302	\N	\N	\N	0.0	\N	58.000484116291446	4.447876632925897	\N
3	201303	\N	\N	\N	0.0	\N	48.27538955072691	4.166044842062462	\N
3	201304	\N	\N	\N	0.0	\N	53.11992068404306	4.444643076134392	\N
3	201305	\N	\N	\N	0.0	\N	66.04518128048278	39.5798641873706	\N
3	201306	\N	\N	\N	0.0	\N	82.30008673092044	17.51855229610207	\N
3	201307	\N	\N	\N	0.0	\N	84.58192221775944	9.15104823646234	\N
3	201308	\N	\N	\N	0.0	\N	82.10957441043999	8.054686065029633	\N
3	201309	\N	\N	\N	0.0	\N	83.3981506233067	7.424224848610469	\N
3	201310	\N	\N	\N	0.0	\N	81.04490895140765	6.550361874045672	\N
3	201311	\N	\N	\N	0.0	\N	60.26187802019652	5.87470769730337	\N
3	201312	\N	\N	\N	0.0	\N	66.89325946912803	5.7185377671435385	\N
3	201401	\N	\N	\N	0.0	\N	57.64492514770589	6.447484994308034	\N
3	201402	\N	\N	\N	0.0	\N	38.86449744994856	6.451791030398174	\N
3	201403	\N	\N	\N	0.0	\N	8.771220407344995	6.486340909090909	\N
3	201404	\N	\N	\N	0.0	\N	32.317095503782525	6.482177257525084	\N
3	201405	\N	\N	\N	0.0	\N	47.21359663550691	6.4843875	\N
3	201406	\N	\N	\N	0.0	\N	71.3578822973524	4.496142857142857	\N
3	201407	\N	\N	\N	0.0	\N	27.014118040329095	4.267	\N
3	201408	\N	\N	\N	0.0	\N	16.280918559766658	4.896000000000001	\N
3	201409	\N	\N	\N	0.0	\N	22.31508714451644	7.225155989974938	\N
3	201410	\N	\N	\N	0.0	\N	7.9248054080204815	4.767772727272727	\N
3	201411	\N	\N	\N	0.0	\N	61.000710908551966	4.2029378158516675	\N
3	201412	\N	\N	\N	0.0	\N	54.4257572116618	6.167763489449638	\N
3	201501	\N	\N	\N	0.0	\N	48.86810589928016	2.255144209577239	\N
3	201502	\N	\N	\N	0.0	\N	47.75044201377447	3.032426686295888	\N
3	201503	\N	58.90065624196799	\N	0.0	\N	43.6976353982893	4.093707314704931	\N
3	201504	\N	27.95382285953051	\N	0.0	\N	69.58847751817817	4.350722608695652	\N
3	201505	\N	34.1125249110813	\N	0.0	\N	78.30656408012194	4.707397724243069	\N
3	201506	\N	21.812257684541393	\N	0.0	\N	78.77819171363944	5.3890711878275175	\N
3	201507	\N	17.473939050530504	\N	0.0	\N	77.09388723331783	5.112222552890013	\N
3	201508	\N	29.393968621679065	\N	0.0	\N	82.57780400774887	5.193702532106016	\N
3	201509	\N	39.3754373726702	\N	0.0	\N	83.711398250879	5.15293827820349	\N
3	201510	\N	47.85016133949334	\N	0.0	\N	78.51615037706908	5.1393192898719136	\N
3	201511	\N	28.67929865594973	\N	0.0	\N	84.66668951147243	5.397247331378855	\N
3	201512	\N	49.29434148680048	73.90612610865382	0.0	19.591756613756615	75.8081167943432	6.839597082369995	\N
3	201601	\N	68.99922209969527	115.34449452353519	0.0	21.237949355850102	67.4063149575209	6.317077866641151	\N
3	201602	\N	69.145009469233	147.72827985567085	0.0	25.15697320559088	59.77626510973409	6.139371078455988	\N
3	201603	\N	61.60341298472837	156.81223246259802	0.0	25.02008992024103	56.80903469559166	4.851140971486991	\N
3	201604	\N	46.272247426493614	156.28657020942435	0.0	27.40195572494092	55.84844885725925	4.723435831635945	\N
3	201605	\N	41.22527535876958	48.356295689361595	0.0	24.52953337595908	67.87187875786553	5.97228348521851	\N
3	201606	\N	32.96989147565004	41.45493493325967	0.0	24.845873020680433	77.66235976278922	10.930805762407186	\N
3	201607	\N	22.02337159889044	53.4496769051152	0.0	20.46947619047619	75.75673824571577	9.101302464353223	\N
3	201608	\N	36.09306458078111	47.9366880808357	0.0	23.983409555737932	72.69076829006033	8.510363078444533	\N
3	201609	\N	28.712928733691736	62.02447091917987	0.0	23.166208576235412	72.01679642166125	6.574339253491159	\N
3	201610	\N	41.454766290221876	101.77093912683826	0.0	24.23330415813756	51.185824400627155	4.0339315140232275	\N
3	201611	\N	53.01512166409053	105.82926522165323	0.0	22.466935515407652	47.53220715545737	4.750232952951687	\N
3	201612	\N	37.4590718074882	84.56338231689686	0.0	22.04244094062138	57.48513637130021	6.027554348629347	\N
3	201701	\N	31.265956843318463	76.48971379206587	0.0	20.895493774386487	56.41026371584031	8.627054366381536	\N
3	201702	\N	36.639823316162214	85.86485567711013	0.0	24.977352157638464	42.60090009075412	6.370985441318463	\N
3	201703	\N	35.929259889016784	67.99469583062496	0.0	29.321646157742418	45.993256338923175	6.230643837599286	\N
1	201006	\N	\N	\N	0.0	30.539971700350623	\N	\N	\N
3	201704	\N	39.31231014165921	70.70573058005037	0.0	30.110932032260575	50.364711349838736	6.3497308298180934	\N
3	201705	\N	32.58717322942608	56.008313114220975	0.0	28.921142556902797	60.987576317822544	5.799990964466502	\N
3	201706	\N	20.785736407556495	64.75555179228986	0.0	25.77335722590402	68.60551729364248	6.2875316057368105	\N
3	201707	\N	31.55934315171944	78.38117463323935	0.0	26.038477489472136	59.38831928006657	4.821038510548934	\N
3	201708	\N	20.829177497583267	69.65578032895182	0.0	26.177228008462055	72.76139905536175	5.1383434713580955	\N
3	201709	\N	23.248879635471802	75.7421615123911	0.0	25.447923384182072	65.58397828453556	3.1105442886384043	\N
3	201710	\N	38.474642430105426	84.5510459816106	0.0	23.783092677478685	54.551406469751065	2.2032792393818452	\N
3	201711	\N	37.09694179514482	63.81553621935555	0.0	25.204802234299517	62.872466926685696	2.0058249981197664	\N
3	201712	\N	65.95536256909007	73.6599587945394	0.0	23.327137246491606	52.268849181971916	2.2794639171340214	\N
3	201801	\N	38.177302525719014	100.61695430107527	0.0	22.542210726656467	58.36150271576255	2.5173174653279102	\N
3	201802	\N	29.617472470054963	74.27052435032503	0.0	23.98807562546376	53.097493828909634	2.657059199293406	\N
3	201803	\N	34.8145832172055	100.65485611333722	0.0	26.591854027967887	47.946778261718734	2.4968820606860618	\N
3	201804	\N	45.19006627674063	77.5104473691038	0.0	27.94076406981874	49.86941945302009	1.870803928480099	\N
3	201805	\N	44.35718688639551	62.11620615530901	0.0	26.50139672041308	64.45345345450265	2.451594760972227	\N
3	201806	\N	25.23005498425424	50.55219070249185	0.0	25.10142196939428	68.59601743235662	3.755880554296887	\N
3	201807	\N	21.0003567213211	56.550722884691105	0.0	24.052427808352736	71.72933745934868	5.6036961621520645	\N
3	201808	\N	19.166421416868843	60.24039714130612	0.0	23.46514238393468	71.95333706378094	5.425088266648375	\N
3	201809	\N	25.146302836648267	69.50526084017267	0.0	24.395342100769984	68.01199124498903	4.3692604253191725	\N
3	201810	\N	37.82471768350103	94.55428423373509	0.0	24.687997477871424	61.647091061773715	3.646826785953247	\N
3	201811	\N	45.53428231851793	93.07258795253753	0.0	23.435651100148156	62.3180663200097	3.81311218213518	\N
3	201812	\N	56.57691347686954	107.47947931959986	0.0	23.022950461993815	60.23815252365875	3.858354388425482	\N
3	201901	\N	54.460936670621045	103.50772999404795	0.0	21.66824832099206	51.98941019291077	4.4175872324073655	\N
3	201902	\N	45.60626179773667	100.4572499327426	0.0	24.239971488194268	49.22693950630223	4.770261930402673	\N
3	201903	\N	49.08995348745342	111.5661026804726	0.0	26.581130795348066	40.73114699306306	4.005887512020717	\N
3	201904	\N	52.48616165960196	102.05319056265101	0.0	27.24595438658654	45.85010827224414	3.784236176403374	\N
3	201905	\N	42.12213040092046	89.07449799746098	0.0	26.25335431376773	65.10606333458882	3.997877396154143	\N
3	201906	\N	23.773180571918978	54.741947451662526	0.0	25.15065618883987	71.19884817937073	5.702701918410772	\N
3	201907	\N	21.457043583157695	54.485965787123476	0.0	24.40766371541629	73.50334063056033	5.07002026031048	\N
3	201908	\N	17.803436434821958	48.663342114499315	0.0	23.595501030000722	77.92200839630915	5.3697518644064415	\N
3	201909	\N	23.890167660901046	52.936319508801255	0.0	22.407109241975306	75.37789543061886	4.377445083186814	\N
3	201910	\N	27.44542072140886	54.94402394287684	0.0	22.11073746591527	75.18154497409188	3.2475896909947335	\N
3	201911	\N	40.35414823000669	81.18913793395753	0.0	21.884156887536044	67.37950220722179	2.964828275245193	\N
3	201912	\N	35.19756250765012	72.54642436520763	0.0	21.482326944184017	68.70913605822426	3.894573915841301	\N
3	202001	\N	39.65793632005463	84.50191078679892	0.0	23.586761114700153	57.591949399265424	4.2456665534528435	\N
3	202002	\N	42.112337059204286	94.23749342492037	0.0	24.96941252215159	54.70887797721608	4.983891092735459	\N
3	202003	\N	41.27497533170459	80.11323172860689	0.0	26.06981046591352	52.436734972116334	4.928127712244269	\N
3	202004	\N	24.70693781085273	46.94662192958355	0.0	27.024453095555042	53.60490679801309	5.2346790046011105	\N
3	202005	\N	21.364951098533904	60.09931321133353	0.0	27.38407195125292	61.959439947511584	4.60363888444655	\N
3	202006	\N	17.968305647321255	41.44388915002872	0.0	24.77015046494056	76.14129323962929	5.663285479285039	\N
3	202007	\N	15.816348591166582	33.53492008769508	0.0	24.133310883674095	80.13991334079549	5.540749001914395	\N
3	202008	\N	22.489656713944733	47.07929493282855	0.0	23.391835490266914	78.28928225016604	6.703308201447097	\N
3	202009	\N	22.054157546497844	54.69169942488601	0.0	23.106585676599156	76.16798758012253	5.2870545718554265	\N
3	202010	\N	32.37722514991385	69.06244706626156	0.0	23.56834262727503	75.63312914100806	3.889328306890765	\N
3	202011	\N	33.61385893827332	71.63466332821163	0.0	23.127983799788566	73.62208689601532	4.113597064930404	\N
3	202012	\N	39.18813828667234	77.33573548923347	0.0	22.307899501017545	70.95413520497702	4.3704757700572365	\N
3	202101	\N	39.321873242569005	83.00357268383526	0.0	23.053042973084736	66.77940347162739	4.281191874063804	\N
3	202102	\N	43.62846738901548	94.65628291192203	0.0	23.599025864393408	52.22785085483211	3.5403843563713027	\N
3	202103	\N	40.300824925159034	90.86989188329078	0.0	26.943337237429706	40.81612775907564	3.9207107595082524	\N
3	202104	\N	40.043873884982965	87.247769615087	0.0	27.317962437286674	56.58204646217564	3.691426611407057	\N
3	202105	\N	17.161607437426497	38.41009210786449	0.0	25.996887136444837	69.5804072066473	3.9973535482884546	\N
3	202106	\N	20.25250748796433	48.8643707713578	0.0	24.57159121152284	70.95993705334155	5.279943017458515	\N
3	202107	\N	18.881165858764007	44.62713341486499	0.0	23.840610926101288	73.17459587801629	5.784946673139365	\N
3	202108	\N	23.45233414097515	51.218783558950726	0.0	23.951348643363694	71.75123080573827	5.058393602925458	\N
3	202109	\N	21.171940882368656	50.657965968357594	0.0	24.210475908818584	70.56124307144749	5.210127435122848	\N
3	202110	\N	28.15763474835178	54.01386337094702	0.0	24.704774750307294	71.84652612132743	3.423467874143155	\N
3	202111	\N	29.894578671758765	54.39000418410406	0.0	22.52562969802393	75.48697519199783	3.1401751970402727	\N
3	202112	\N	52.598640179044175	83.46604734733864	0.0	22.259193036604728	72.2660674254237	3.643301751030159	\N
3	202201	\N	34.854818847779114	81.37481678839892	0.0	22.684191809092205	69.50044207009485	4.014247625635234	\N
3	202202	\N	41.006434193709254	90.51202123912847	0.0	23.890983433237597	60.08802154819311	4.2551134033348825	\N
3	202203	\N	44.18604308088723	93.8332413125075	0.0	26.604240858120743	47.20651449642378	3.9072660479819095	\N
3	202204	\N	40.51805146865568	82.63121912429361	0.0	28.3082104667764	54.69854234010087	3.863005233911555	\N
3	202205	\N	32.98038352866955	66.929219058881	0.0	25.719018784885183	68.94911406159788	4.256692690454707	\N
3	202206	\N	23.172988714370298	57.92530903563009	0.0	24.816002451323673	68.66921294204263	4.360375430246695	\N
3	202207	\N	24.0397196716869	61.49232826785867	0.0	23.10996343647631	78.88357004758572	3.8088472475301285	\N
3	202208	\N	18.5861152018521	44.174070990005625	0.0	22.731469204631956	80.6300253893065	3.946160597933476	\N
3	202209	\N	21.51093357944126	57.103068103158066	0.0	23.660827527658647	77.46378410108746	4.202584043058391	\N
3	202210	\N	38.15876369169444	81.27710645839979	0.0	23.36479092622903	71.7754680430266	3.518316963412931	\N
3	202211	\N	46.77350154413022	80.65704989930049	0.0	22.784603634948876	75.93999156809996	4.285820144494159	\N
3	202212	\N	42.30863500558599	73.97315560663483	0.0	22.210594016374927	71.87748456883253	3.875061522938566	\N
3	202301	\N	46.26010925896006	85.10839329198086	0.0	21.86041823427941	61.744575607205014	3.5603846300261384	\N
3	202302	\N	53.68013358403279	91.26804941268206	0.0	24.42145664235715	50.87924208726259	3.108381229026992	\N
3	202303	\N	43.120310724233114	79.38049657277936	0.0	26.197669410903455	54.711094174707426	4.291634688250654	\N
6	201001	\N	\N	\N	0.0	\N	81.08464630597896	3.1541129032258066	\N
6	201002	\N	\N	\N	0.0	\N	83.15162018784785	2.9261517857142856	\N
6	201003	\N	\N	\N	0.0	\N	80.75797866470447	3.2768032258064514	\N
6	201004	\N	\N	\N	0.0	\N	77.92447546296297	3.8626750000000003	\N
6	201005	\N	\N	\N	0.0	\N	70.5955701754386	3.851591148622176	\N
6	201006	\N	\N	\N	0.0	\N	66.96340233751292	4.905182850803043	\N
6	201007	\N	\N	\N	0.0	\N	63.901330645161295	5.507854838709678	\N
6	201008	\N	\N	\N	0.0	\N	70.617364005439	4.030227010489511	\N
6	201009	\N	\N	\N	0.0	\N	74.55943492965368	3.123746590909091	\N
6	201010	\N	\N	\N	0.0	\N	70.10532482078854	4.054645161290322	\N
6	201011	\N	\N	\N	0.0	\N	83.66507896986056	2.6522413157894738	\N
6	201012	\N	\N	\N	0.0	\N	80.39305107526881	2.9473064516129033	\N
6	201101	\N	\N	\N	0.0	\N	75.59970654121864	2.8651444700460833	\N
6	201102	\N	\N	\N	0.0	\N	71.75553233225108	2.7442224025974027	\N
6	201103	\N	\N	\N	0.0	\N	69.85592069892473	2.698532258064516	\N
6	201104	\N	\N	\N	0.0	\N	68.45502850877193	4.486994577352473	\N
6	201105	\N	\N	\N	0.0	\N	65.48924426763712	3.845285571571286	\N
6	201106	\N	\N	\N	0.0	\N	59.705294551282044	3.208206764346764	\N
6	201107	\N	\N	\N	0.0	\N	58.82924579228243	5.302068360949395	\N
6	201108	\N	\N	\N	0.0	\N	64.2988440860215	4.9308387096774196	\N
6	201109	\N	\N	\N	0.0	\N	66.59211111111111	4.4945	\N
6	201110	\N	\N	\N	0.0	\N	78.11662087912089	2.2394922899680965	\N
6	201111	\N	\N	\N	0.0	\N	84.42256435185185	1.8713300000000002	\N
6	201112	\N	\N	\N	0.0	\N	80.56416898148147	1.8416291666666667	\N
6	201201	\N	\N	\N	0.0	\N	81.16405213231505	7.628871998592682	\N
6	201202	\N	\N	\N	0.0	\N	73.2173673007766	7.339193493736808	\N
6	201203	\N	\N	\N	0.0	\N	76.15765637053067	7.742528839813763	\N
6	201204	\N	\N	\N	0.0	\N	54.220772712164376	8.749250929243171	\N
6	201205	\N	\N	\N	0.0	\N	66.91815629769684	5.66928723568452	\N
6	201206	\N	\N	\N	0.0	\N	58.08466117376775	6.008741030986558	\N
6	201207	\N	\N	\N	0.0	\N	67.38998778668606	5.719051144787891	\N
6	201208	\N	\N	\N	0.0	\N	71.54443306099127	5.824236505358768	\N
6	201209	\N	\N	\N	0.0	\N	78.6197491782097	5.2356182818935455	\N
6	201210	\N	\N	\N	0.0	\N	82.84987202090025	5.294240939304784	\N
6	201211	\N	\N	\N	0.0	\N	80.55085825027369	6.1134166190345605	\N
6	201212	\N	\N	\N	0.0	\N	81.82554373496345	7.393444494477681	\N
6	201301	\N	\N	\N	0.0	\N	61.90476909342329	6.043138490781473	\N
6	201302	\N	\N	\N	0.0	\N	75.14315197743086	5.406186469224358	\N
6	201303	\N	\N	\N	0.0	\N	73.28034601000988	5.5479035241585715	\N
6	201304	\N	\N	\N	0.0	\N	71.21144338743335	5.788137975592183	\N
6	201305	\N	\N	\N	0.0	\N	54.9840413367994	6.198508129504904	\N
6	201306	\N	\N	\N	0.0	\N	54.42675253408025	7.248249590744578	\N
6	201307	\N	\N	\N	0.0	\N	62.17353253373794	7.182594596357359	\N
6	201308	\N	\N	\N	0.0	\N	57.52518129924756	6.516071180913031	\N
6	201309	\N	\N	\N	0.0	\N	30.670903417255047	5.635350250836121	\N
6	201310	\N	\N	\N	0.0	\N	41.09646632827979	4.214755187747036	\N
6	201311	\N	\N	\N	0.0	\N	46.96692461059048	3.571369962406015	\N
6	201312	\N	\N	\N	0.0	\N	40.12952146638829	3.6959751632318545	\N
6	201401	\N	\N	\N	0.0	\N	36.27860133794588	4.357904174573055	\N
6	201402	\N	\N	\N	0.0	\N	34.694367228993976	5.271736819469351	\N
6	201403	\N	\N	\N	0.0	\N	32.1023086819566	6.1309700460829495	\N
6	201404	\N	\N	\N	0.0	\N	41.56378411852259	6.25006052631579	\N
6	201405	\N	\N	\N	0.0	\N	37.23307499305843	6.272300488959298	\N
6	201406	\N	\N	\N	0.0	\N	34.65578218062766	6.40162983858247	\N
6	201407	\N	\N	\N	0.0	\N	31.449986963487138	6.53353628185907	\N
6	201408	\N	\N	\N	0.0	\N	39.87141882311237	6.201949131513648	\N
6	201409	\N	\N	\N	0.0	\N	34.772283838383835	6.06547	\N
6	201410	\N	\N	\N	0.0	\N	39.37064768776781	5.908935483870968	\N
6	201411	\N	\N	\N	0.0	\N	36.068976069232775	6.059857607253428	\N
6	201412	\N	\N	\N	0.0	\N	39.63167177618064	6.5646113695984765	\N
6	201501	\N	\N	\N	0.0	\N	38.965116335502614	4.455206593402039	\N
6	201502	\N	\N	\N	0.0	\N	44.3399330121474	3.413656574734517	\N
6	201503	\N	132.40849677093058	\N	0.0	\N	43.914931737688356	3.6816098716723205	\N
6	201504	\N	75.13806591343086	\N	0.0	\N	43.62134242290753	4.812852735989501	\N
6	201505	\N	84.42807617974813	\N	0.0	\N	57.3714729825133	5.246641983029455	\N
6	201506	\N	70.43507983839122	\N	0.0	\N	56.11072685185185	5.041031725063647	\N
6	201507	\N	59.3961537516757	\N	0.0	\N	54.055287596100925	5.154305283552627	\N
6	201508	\N	54.047355307467875	\N	0.0	\N	59.850629437786	3.6202448971785577	\N
6	201509	\N	35.74529700943179	\N	0.0	\N	61.28610961328976	3.3300562464985997	\N
6	201510	\N	49.10094083148592	\N	0.0	\N	65.36542164730938	3.0992875285317494	\N
6	201511	\N	39.75210158346752	\N	0.0	\N	79.26014894476162	6.106969415898112	\N
6	201512	\N	69.45516753184793	\N	0.0	\N	77.88649860871122	6.027595285574185	\N
6	201601	\N	55.85189674802026	\N	0.0	\N	68.04344383210916	6.840944055779435	\N
6	201602	\N	73.37510827396017	\N	0.0	\N	62.68484668059601	6.935830310055056	\N
6	201603	\N	71.16586146918284	\N	0.0	\N	59.657540630621746	8.107126802040465	\N
6	201604	\N	59.328958576998055	\N	0.0	\N	63.108643366412664	9.513806937799044	\N
6	201605	\N	56.408502170999775	\N	0.0	\N	59.753551074816116	5.811910331131922	\N
6	201606	\N	54.43323893012686	\N	0.0	\N	67.50575230287444	5.361399960442608	\N
6	201607	\N	41.802021715430186	\N	0.0	\N	64.66949180263589	5.165797997889124	\N
6	201608	\N	36.23835598521784	\N	0.0	\N	62.51538278497255	4.223303294414795	\N
6	201609	\N	35.869241120870925	\N	0.0	\N	70.97361022503377	3.393750462264587	\N
6	201610	\N	63.680309870377265	\N	0.0	\N	67.6739952490694	2.358926249189118	\N
6	201611	\N	73.70600772755158	\N	0.0	\N	72.28366750208855	2.111783834586466	\N
6	201612	\N	103.68062944291314	\N	0.0	\N	76.25947557990796	4.052809492359493	\N
6	201701	\N	62.52735414791229	\N	0.0	\N	68.91355232948015	4.889813395505098	\N
6	201702	\N	56.815663780663776	\N	0.0	\N	64.07136904761904	3.265076157538114	\N
6	201703	\N	51.4420418191556	\N	0.0	\N	67.9724078753956	4.493252754958926	\N
6	201704	\N	62.11414752128822	\N	0.0	\N	74.27189734758379	5.858399502705458	\N
6	201705	\N	58.82503076708552	\N	0.0	\N	64.41575806381671	5.628046265631077	\N
6	201706	\N	53.099411298813465	\N	0.0	\N	65.48558854295037	6.1248467166053615	\N
6	201707	\N	56.049040058974846	\N	0.0	\N	67.1222406631112	4.894244437643261	\N
6	201708	\N	32.661052935598995	\N	0.0	\N	77.07277503100299	4.289631076682	\N
6	201709	\N	35.152531941596415	\N	0.0	\N	77.56462659605126	4.142227753112639	\N
6	201710	\N	47.54782960804728	\N	0.0	\N	76.70853524006323	4.5568820416143	\N
6	201711	\N	43.1174196898244	\N	0.0	\N	78.66023921456562	7.909616741953699	\N
6	201712	\N	55.695174528192744	\N	0.0	\N	76.15932147344745	9.045896292396655	\N
6	201801	\N	75.82603813099624	\N	0.0	\N	75.29928156742743	4.993425230678379	\N
6	201802	\N	56.25437342171717	\N	0.0	\N	72.50791666666667	3.6268044889892717	\N
6	201803	\N	51.40294485174324	\N	0.0	\N	75.37565304669617	4.067022611609989	\N
6	201804	\N	35.585490919327306	\N	0.0	\N	73.04699166666666	5.5507800000000005	\N
6	201805	\N	38.1689042926841	\N	0.0	\N	69.19412962563382	7.826441340566867	\N
6	201806	\N	67.66278446995838	\N	0.0	\N	51.90118022486772	6.449913095238096	\N
6	201807	\N	51.24393235894786	\N	0.0	\N	53.001816060575706	6.731644209577239	\N
6	201808	\N	44.41615421546663	\N	0.0	\N	53.441342331388384	6.201781388317153	\N
6	201809	\N	47.70500740740741	\N	0.0	\N	66.4003691626409	4.4200202898550724	\N
6	201810	\N	49.93698796250316	\N	0.0	\N	73.332435440811	2.5710564197373453	\N
6	201811	\N	56.67783598842114	\N	0.0	\N	70.49620833333333	4.261630434782608	\N
6	201812	\N	67.96644542920684	\N	0.0	\N	72.72726254480285	3.7139488078541376	\N
6	201901	\N	62.44390258969883	\N	0.0	\N	67.47763958458559	2.621467842115808	\N
6	201902	\N	53.87098766167413	\N	0.0	\N	69.0721645633411	2.6992376683875134	\N
6	201903	\N	52.80400645642003	35.135222222222225	0.0	10.277431818181817	69.65771183028441	8.493508852063746	\N
6	201904	\N	31.55938280490383	30.716756735602445	0.0	8.891725050422533	62.945288119288115	21.52285676417494	\N
6	201905	\N	42.043448061940786	47.4960209134017	0.0	9.570569009399613	64.14546537428988	27.05526593534162	\N
6	201906	\N	42.75685204889213	41.06006984493767	0.0	\N	58.1868192281654	18.920782935113696	\N
6	201907	\N	41.96825215637624	33.674160426829395	0.0	\N	65.16314834884611	12.72146111438757	\N
6	201908	\N	26.305152190768943	36.26447385992322	0.0	21.613744554898446	59.59384721797168	22.516698940845025	\N
6	201909	\N	29.84766120429104	49.53074537232875	0.0	21.94079536530436	63.9555681763285	21.256485089326702	\N
6	201910	\N	37.70256214575391	59.92570998926457	0.0	28.28997605118982	71.46060491649148	10.445213732861095	\N
6	201911	\N	55.394907073179034	103.82154262614254	0.0	34.89809198506807	84.08228056379008	8.928765852175001	\N
6	201912	\N	42.953347341272305	59.6413579893631	0.0	34.83609802118171	79.055465812439	7.672545267314735	\N
6	202001	\N	45.12048145368468	64.35615949238934	0.0	34.73208124841088	75.47119219898848	7.714267682630171	\N
6	202002	\N	37.60216519141483	67.46117097701149	0.0	34.72720833333333	67.7561704758523	9.135804505718774	\N
6	202003	\N	29.505333688588216	46.56749433068444	0.0	34.72206345008764	68.67119870691486	10.12711300509789	\N
6	202004	\N	15.173626269677543	183.14976907968574	0.0	34.551553030303026	71.72499662816048	9.686088479808712	\N
6	202005	\N	19.115015406899083	177.9632142857143	0.0	34.60885109864422	59.680562292828846	11.751148279402925	\N
6	202006	\N	29.192103442886875	52.797299788474405	0.0	34.97010546307557	66.04154335016834	10.66988657877401	\N
6	202007	\N	27.228757676372783	40.37433800364846	0.0	33.81807602212602	75.22572063757826	10.520043473422872	\N
6	202008	\N	29.07544031373755	48.58347672638782	0.0	33.456684765108385	73.74258928635419	19.237772315555702	\N
6	202009	\N	30.535232446408916	39.62006158341293	0.0	33.30738319530711	76.2440516210401	20.11508549445574	\N
6	202010	\N	33.49258064328058	58.18341242049857	0.0	33.38766215748061	75.28133003151333	13.376111008203452	\N
6	202011	\N	34.42100158806259	54.86161522024937	8.42	33.277656045751634	80.95536082194712	8.173157208794542	\N
6	202012	\N	40.41391439000313	83.40646313354108	4.178889131701632	33.246579922950616	77.2155969292627	9.10895262972552	\N
6	202101	\N	41.26279985193522	77.30383174439838	2.811969198564593	32.87540616055608	77.9703891837874	10.71355416632256	\N
6	202102	\N	38.76143801908601	82.6535849114429	0.006944444444444444	32.879109853437946	70.19587405064011	13.889261030020558	\N
6	202103	\N	31.588810516344438	73.29963314175292	0.0026041666666666665	33.11285705937354	73.83791570354077	8.526381361342619	\N
6	202104	\N	20.593636380320383	57.1694372031695	0.02170138888888889	33.36822117918313	73.21552971389185	7.945381369854266	\N
6	202105	\N	18.548304423560786	51.65022706548393	0.8791208791208791	33.46827521356624	70.31148148183824	8.360852593096645	\N
6	202106	\N	21.868743088404827	58.0864263016675	1.1377294939715017	33.34186135392385	67.33926917694833	9.935221847680772	\N
6	202107	\N	17.34326536185746	47.18919362729791	1.1662660256410255	33.572459203839635	70.45020999389371	7.322213945655245	\N
6	202108	\N	18.537004424361946	53.205764808815445	1.964403409090909	\N	71.85448849220458	5.2870306900119575	\N
6	202109	\N	19.883449655437325	55.2521522686701	1.7267708333333334	\N	73.00107940932885	5.022894575726692	\N
6	202110	\N	25.328543599670645	55.315075101454994	3.0607291666666665	33.174305555555556	78.01541084997261	6.339675349240315	\N
6	202111	\N	24.951147283886602	43.95606146592681	17.689065734989647	33.62485483405483	87.15212721329127	8.772656264592946	\N
6	202112	\N	42.44436549210063	78.54105233163244	2.7082201086956523	33.44822729595284	77.61557866790943	6.968031953911528	\N
6	202201	\N	25.89833444308095	63.05140382701489	0.4583333333333333	33.65835086489013	78.09126036056821	8.278954782016722	\N
6	202202	\N	25.507834812753053	67.93804674265478	0.0	33.404345561594205	71.37773890222108	13.821628308038783	\N
6	202203	\N	32.21489012512054	74.58522400557975	0.0	33.24275508415147	72.81795901356331	14.196541934137974	\N
6	202204	\N	16.196113753186157	39.780729565445064	0.0190625	33.09177777777778	74.35936434845922	15.226093651674413	\N
6	202205	\N	28.929058622607833	69.91384612897667	0.535862840360123	32.836124516908214	71.00273650708301	16.36680873474565	\N
6	202206	\N	22.904163883055347	57.7884884405297	2.779867424242424	32.61686904761905	70.35201542114098	13.209807279003583	\N
6	202207	\N	20.602779125695125	49.99470579109157	1.666748903508772	33.16749751513508	72.49180498730372	10.817580705045815	\N
6	202208	\N	21.579232963334057	52.03656493178034	2.008875301932367	32.529671003020745	72.14961821448159	9.017531465940927	\N
6	202209	\N	26.636588621346444	59.805909257463824	1.1310416666666667	31.649423155467723	75.67771623233696	10.870210010566602	\N
6	202210	\N	39.04260205646717	72.97662672289572	2.3433779761904763	30.93252505574754	77.61230202953534	13.46030471682545	\N
6	202211	\N	38.1853023676468	74.34069480192605	4.879991765480896	27.155051857864358	83.95993928902979	5.297835354123533	\N
6	202212	\N	43.13023014998615	84.87018962934903	2.4181972254004576	27.131284776700628	84.10696770557827	4.728599026911488	\N
6	202301	\N	48.86967589815844	102.158156377595	0.005208333333333333	26.92707113857575	74.92945718960796	3.961358271203957	\N
6	202302	\N	42.45356879774425	97.7624489906063	0.025520833333333333	27.03695633352155	74.57305498507678	3.742480959442914	\N
6	202303	\N	26.03723842803814	65.45050536664505	0.6189990942028986	28.577490206494495	76.42031005572696	5.290943835035155	\N
2	201001	\N	\N	\N	0.0	\N	81.28095159812618	5.644877315107949	\N
2	201002	\N	151.83796296296296	\N	0.0	\N	62.11279605546929	9.206818655075287	\N
2	201003	\N	102.65817083784272	65.90030466570467	0.0	36.207499999999996	43.782502388713965	2.5597752651790917	\N
2	201004	\N	77.30298687785644	55.85337962962963	0.0	\N	32.99201326420123	3.1150409718279253	\N
2	201005	\N	113.83331985569363	\N	0.0	\N	34.170462256876306	5.190589229501366	\N
2	201006	\N	125.78284290274047	\N	0.0	\N	39.50299941398228	5.761453473108647	\N
2	201007	\N	58.75298737208634	\N	0.0	\N	79.4900607935725	4.815559701945522	\N
2	201008	\N	67.0610641740482	101.03042748397435	0.0	\N	87.22653994172342	3.890371684743205	\N
2	201009	\N	75.827304110593	90.9733695956188	0.0	\N	86.99811302609427	3.3885199779376074	\N
2	201010	\N	186.39280956744867	224.47733333333335	0.0	\N	63.09076057052216	5.740513574127078	\N
2	201011	\N	286.5904322961068	\N	0.0	\N	65.03313546868792	4.533112608695652	\N
1	201007	\N	\N	\N	0.0	28.74264818571107	\N	\N	\N
2	201012	\N	267.46140681003584	109.98510416666667	0.0	\N	65.34526983722066	5.356173793411028	\N
2	201101	\N	215.12324535679375	176.13575	0.0	\N	64.79209151472651	6.0723492286115	\N
2	201102	\N	161.11014104554866	\N	0.0	\N	65.38495959769396	4.821492744755245	\N
2	201103	\N	122.96931272220131	\N	0.0	\N	53.6830851741468	5.045641093969145	\N
2	201104	\N	130.79702750407805	\N	0.0	\N	36.27944272695903	4.495428302653868	\N
2	201105	\N	88.22983228599853	\N	0.0	34.36438333311381	39.650081770423	5.055925606996062	\N
2	201106	\N	153.35039539108928	\N	0.0	30.75170745894531	61.581796203664005	5.68123979740057	\N
2	201107	\N	75.29953078098961	\N	0.0	28.43703175303479	77.03732936067995	5.220267516330033	\N
2	201108	\N	51.663456851647744	\N	0.0	28.064090909090908	80.09830868759698	4.703371346798569	\N
2	201109	\N	59.98421607641849	\N	0.0	26.59785815276354	75.98133716859563	4.631070028620144	\N
2	201110	\N	162.26689620823223	\N	0.0	23.377604205571117	53.96323901143629	3.4438076380446696	\N
2	201111	\N	253.97207189584773	\N	0.0	16.498002645502645	58.74165275653963	2.257361219727895	\N
2	201112	\N	274.8920682893566	619.231304347826	0.0	\N	61.06332526150738	2.2462443386567283	\N
2	201201	\N	216.57746997294956	756.2066666666666	0.0	14.609881336940234	58.23760109836086	3.537193554412036	\N
2	201202	\N	179.39321626114048	\N	0.0	18.833586397058824	49.45881991213834	4.586210160715619	\N
2	201203	\N	190.37543145340388	\N	0.0	25.78219423881733	42.67601310415815	5.006805513509174	\N
2	201204	\N	108.97015651263175	\N	0.0	31.583216538053513	40.925531204583756	5.786845866041304	\N
2	201205	\N	201.89087252112253	\N	0.0	35.05385657454402	29.231077535575547	4.375558901209733	\N
2	201206	\N	325.94588474474364	\N	0.0	\N	36.626161398947566	3.7648828900713527	\N
2	201207	\N	258.2932088891513	\N	0.0	31.144562461053347	66.82793370413872	4.253127606633539	\N
2	201208	\N	103.69308225255833	\N	0.0	27.867333723657485	79.86405099484878	3.556845919758519	\N
2	201209	\N	130.38249620882272	\N	0.0	28.298485815776917	71.56983309204948	3.260841096010343	\N
2	201210	\N	173.20977532604851	618.4545833333333	0.0	24.317500166352104	57.06815119521276	2.4679323902639205	\N
2	201211	\N	228.37131367755688	778.874	0.0	17.868708787120617	60.35159292233393	2.1967150103985045	\N
2	201212	\N	176.26257394138338	221.87833333333333	0.0	13.060005233634781	63.26730698264499	2.9633156181668414	\N
2	201301	\N	227.53390495518195	290.76215138888887	0.0	13.705771764636326	68.9957117843778	2.8423335599388495	\N
2	201302	\N	171.83516669292968	99.1186256077256	0.0	18.886750371715525	72.00464760998348	3.402551519524534	\N
2	201303	\N	196.1991570867684	161.32981304985336	0.0	24.222654961200416	58.358258889871884	3.334041520196727	\N
2	201304	\N	144.11773142515767	211.7403424242424	0.0	30.95245383131732	37.03295019021429	3.618863709247812	\N
2	201305	\N	182.04411758460552	199.4930088325653	0.0	\N	31.977358212328376	3.08152448050685	\N
2	201306	\N	142.56068671324226	190.7809154589372	0.0	\N	59.08382211779368	3.953956877368381	\N
2	201307	\N	90.37792180925666	95.17306451612903	0.0	\N	87.6593663899112	3.084190595703846	\N
2	201308	\N	91.99007852052047	85.53360316838005	0.0	\N	91.48659086891888	4.652738173257318	\N
2	201309	\N	106.89677171192807	77.8200490458041	0.0	\N	73.29378581059818	2.659194025606914	\N
2	201310	\N	203.83294320264562	48.958369182900434	0.0	\N	75.85718844311123	2.49805360181831	\N
2	201311	\N	245.63471459275794	\N	0.0	\N	64.94820536934255	1.9543617121333072	\N
2	201312	\N	114.81505489060801	281.5863004032258	0.0	\N	74.03479095500913	2.0199600774062563	\N
2	201401	\N	162.07874357716295	337.80511923153597	0.0	\N	83.63532468422441	2.2104978182183257	\N
2	201402	\N	111.81406463173214	200.18519101369645	0.0	\N	76.78787528817453	2.795819352354166	\N
2	201403	\N	79.54282675482536	124.96199684431977	0.0	\N	62.7726561695758	3.6038228829694225	\N
2	201404	\N	97.11161380630239	176.21211832611831	0.0	\N	43.937075414652654	3.9473023818439383	\N
2	201405	\N	116.45862973739288	177.76703631688554	0.0	\N	45.48159692483441	4.231794297209846	\N
2	201406	\N	130.1835110209235	209.02417874396136	0.0	\N	47.123993352460744	4.7204136606147475	\N
2	201407	\N	106.46104766580468	148.65889891387286	0.0	\N	75.44283427319982	4.128171186210045	\N
2	201408	\N	95.36098573970517	143.84750812738622	0.0	\N	73.94337577171447	3.5746194372677835	\N
2	201409	\N	82.96124725802143	117.87516228731683	0.0	\N	74.68196663397553	3.3764070064044778	\N
2	201410	\N	110.28993491097442	250.0068216224237	0.0	\N	61.96595114564802	2.318366187926146	\N
2	201411	\N	125.7494509668019	391.0562797619047	0.0	\N	53.03165349852869	1.83573145990412	\N
2	201412	\N	115.27529721799424	278.66125	0.0	\N	73.8603309977406	1.8060481929750283	\N
2	201501	\N	141.0151193118906	278.31207006702977	0.0	\N	88.06701746332104	1.9581763757334811	\N
2	201502	\N	111.62366093975469	234.65005952380952	0.0	\N	70.32226690855614	2.552507717001044	\N
2	201503	\N	62.77245602802084	133.80815188172045	0.0	\N	69.75394541644138	3.9548666634440828	\N
2	201504	\N	75.8195710714028	219.54486618240563	0.0	27.08951637368452	50.13488143119998	4.621339939290231	\N
2	201505	\N	84.91038760131103	314.0993962661665	0.0	33.00593446245485	33.245014644179506	4.540384582455743	\N
2	201506	\N	91.54809038894554	215.9088007412862	0.0	31.37198437579932	47.36279608759582	5.278426518647525	\N
2	201507	\N	64.35167632571502	145.07807765396242	0.0	28.63474593861972	69.0785731851229	5.060768875738546	\N
2	201508	\N	57.551412967225666	175.71691206704062	0.0	28.79769240317321	71.78522759189187	4.021816870860913	\N
2	201509	\N	80.56080843414792	200.00846856603874	0.0	29.455877327765357	54.91892833938024	4.599474489207208	\N
2	201510	\N	128.44506003813066	266.06780177994716	0.0	26.02628361126531	50.43282388491746	3.182443241989015	\N
2	201511	\N	221.8830590376985	410.70368791260256	0.0	20.14712198355838	56.966597798884514	2.3792354050757427	\N
2	201512	\N	179.50806507551084	447.23458616171837	0.0	14.585139759500965	63.211193138689644	2.8769062592647567	\N
2	201601	\N	236.33210395830102	465.46669108298994	0.0	12.715991426449719	70.61366284269573	3.3015508758331844	\N
2	201602	\N	151.94748021723777	291.5831922375609	0.0	16.87559539228566	54.77166614762892	4.062587327526232	\N
2	201603	\N	110.18427011688524	213.0582273823621	0.0	23.495132043060565	45.692627025852474	4.42474477181304	\N
2	201604	\N	118.52094882126761	298.9530080717641	0.0	31.322316615144285	22.627244084631563	4.560473624185726	\N
2	201605	\N	97.00662307865767	267.63193597258623	0.0	33.4346144498235	38.70873032180672	5.157390940565541	\N
2	201606	\N	87.23998814571996	217.28210100360087	0.0	33.49967367004674	53.35210425412234	5.790216912939717	\N
2	201607	\N	62.327961490927215	122.66849863323638	0.0	29.368174542209438	74.97516742169172	4.2476395947242045	\N
2	201608	\N	47.77101160136845	127.5662586584689	0.0	29.242597801785784	73.43450580272965	4.798496570114789	\N
2	201609	\N	66.5797146142829	202.98547513115238	0.0	30.12588996813017	64.84718676885394	4.092831606397013	\N
2	201610	\N	145.844550287796	345.0036374605955	0.0	26.32569443030455	53.06974396750447	3.016496123800298	\N
2	201611	\N	261.4532279699417	455.24435319083386	0.0	19.706006117373253	52.73424022265413	2.3617106916442467	\N
2	201612	\N	204.89809677936984	389.37400825059007	0.0	15.027516039030683	67.74210720147813	2.4978107738939253	\N
2	201701	\N	160.71761607429917	281.58438009083767	0.0	13.954878359628156	70.54357213436937	2.77435552400881	\N
2	201702	\N	132.30904450628003	257.67868294380276	0.0	18.93152347752405	55.564102340310896	3.1985075380525267	\N
2	201703	\N	89.66730051579779	227.1727069948228	5.66797449832776	23.673672803355675	42.008357242191764	3.589196161282248	\N
1	201008	\N	\N	\N	0.0	28.437269702142792	\N	\N	\N
2	201704	\N	97.23700134001689	278.8364658284508	0.0	32.170239873048175	25.797768057607108	3.7999725286121793	\N
2	201705	\N	117.42943355193569	295.3196799359045	0.0	33.49543828487144	36.86205641572413	3.709441224667627	\N
2	201706	\N	67.97739002499515	180.2153508030534	0.0	32.06969790003178	54.665623342337426	3.4805289059492117	\N
2	201707	\N	40.48908138877178	93.53215294703155	0.0	29.83741554532838	75.7126878596812	3.3019291960389454	\N
2	201708	\N	42.77419908589278	88.11545485730528	0.0	29.71412209158331	72.73710570753569	3.2239321105090855	\N
2	201709	\N	53.348045807817925	101.84609245532731	0.0	28.0675462977726	64.18692598798938	2.081911331449548	\N
2	201710	\N	121.94733205515857	242.2961819053336	0.0	25.138341003327163	51.34594684642945	1.521200794250838	\N
2	201711	\N	248.61994681424537	365.075818431301	0.0	19.063007503921895	58.180054753337366	1.8270664957014209	\N
2	201712	\N	189.4225151563682	298.87873458692496	0.0	15.088069136165474	58.63183435397753	2.4573997761443276	\N
2	201801	\N	190.33957916576892	313.04006586003084	0.0	12.289564506443188	63.50870953026228	2.822568840335204	\N
2	201802	\N	131.10886390956992	254.1854629787534	0.0	18.683949807023424	57.82613043424478	4.1565992477916165	\N
2	201803	\N	97.85951923570636	230.3135185878239	0.0	24.99392966527897	47.98829709770738	4.559783601772717	\N
2	201804	\N	90.65636020148285	259.1936439068884	0.0	30.26704554838778	36.35096445131312	4.8861788983202565	\N
2	201805	\N	88.05558280296056	245.69134343148255	0.0	33.22887853248428	35.94331366285614	5.841793148854261	\N
2	201806	\N	80.75662363129086	251.55263942767934	0.25658514492753626	34.33485884466169	49.988970571224826	8.310068864737318	\N
2	201807	\N	41.89845237478874	104.03189508190066	1.6408837373520473	31.0532791894781	73.32642110041196	7.186832306275237	\N
2	201808	\N	41.397031635032405	120.44684844113031	1.444560134161965	30.366521882124108	74.68130353308109	5.457005750070025	\N
2	201809	\N	45.55547274688299	115.49417143178854	1.6699789787456485	28.063440439778294	76.95553897190233	4.95690275490982	\N
2	201810	\N	134.47309545958268	301.2247077956914	0.8974007936507936	25.576731353888864	57.90219975761422	4.39150420178432	\N
2	201811	\N	200.2957327523867	345.00370523122467	1.0042230236407255	20.298122168117537	61.245702336121106	3.846250639965665	\N
2	201812	\N	229.6516454007802	383.19424963746707	1.5081179844269867	14.213651345608506	66.31340570816695	3.61504438525948	\N
2	201901	\N	203.60055621721096	322.39403198538974	2.0049661285798073	13.672800646700702	65.39122123531443	4.3511402948282	\N
2	201902	\N	122.5336722996245	215.44623991365282	1.0028393688315937	16.122146603071418	68.04191827286832	5.00913901271421	\N
2	201903	\N	84.29147921114317	184.82953644730668	0.11027236652236654	21.376520242033212	50.408434698596416	5.087375907910575	\N
2	201904	\N	81.87041699868213	232.8576015101141	0.2245370952609095	30.355945626072202	33.74773598275477	5.138511958911722	\N
2	201905	\N	88.57418854279302	247.89044274543983	0.5483857597716293	32.62473007498276	28.956095671654676	5.1234117551458995	\N
2	201906	\N	63.65132448686216	210.9377480953083	0.3077066272550462	34.87162106835095	36.1722418640399	6.059206081120835	\N
2	201907	\N	46.71926555421753	143.819052093333	3.246752110257968	31.139095073239297	63.49919356173329	4.81539039656798	\N
2	201908	\N	34.47904197331865	83.48786485190779	3.215550358345397	30.221041674172582	72.34418347041147	4.499087578391075	\N
2	201909	\N	40.177081002277795	98.5391157215675	0.3583687027303814	29.986692581441066	70.70136850485007	4.431254144358091	\N
2	201910	\N	123.19431183880198	241.859690340763	0.19586219336219338	26.253978234563586	62.32134592417402	3.5020892335417857	\N
2	201911	\N	204.28078127803568	315.9363437109766	0.3350223807625124	22.238871581348413	63.3049849200979	4.084251462253091	\N
2	201912	\N	205.89118456923634	312.2084739409966	0.21531309024372525	14.735658519979188	77.24239766996283	3.506323150643381	\N
2	202001	\N	156.63206694619944	240.5397815063644	0.6224224673066517	12.285790633500234	74.55757047949928	3.9299433194411053	\N
2	202002	\N	121.42377303529152	222.46491649170417	0.23696734424995297	14.979635512075477	64.46823880360351	4.533830507109883	\N
2	202003	\N	57.903185917939034	125.00064752124298	0.8174444065106107	21.165891268613173	63.273701586356125	4.30985015314699	\N
2	202004	\N	45.84468314622419	105.97259234657761	0.034526193957115016	28.421354883697283	44.4963165669822	4.085573196585466	\N
2	202005	\N	55.39584091895145	138.18378700424768	0.7073757235259563	32.19953549923476	43.63848791512853	4.805970993037987	\N
2	202006	\N	46.79234425506874	121.51285695619495	0.6773095597194567	33.92107484932344	56.291736995934706	4.157298977283948	\N
2	202007	\N	34.23837016446108	77.74292142208414	1.6523359525127008	32.52267225078587	68.14528093631087	4.399864608271782	\N
2	202008	\N	24.609741344582236	56.31813166074199	2.8666200770087986	31.28827018113839	73.03229659012102	4.475264666704674	\N
2	202009	\N	47.397168635885194	121.97022119381658	0.600894387631577	31.936014029914386	62.13447886842064	3.5507983892613573	\N
2	202010	\N	133.04286045170213	283.8724101144007	0.0001388888888888889	27.47986125968457	49.58888715509197	2.8668377298977576	\N
2	202011	\N	214.2245564568095	352.5010105482303	0.015862232574189096	22.16549072943634	56.22869785743786	2.879040130798531	\N
2	202012	\N	192.97795943130518	319.7682567054133	0.03622433574879227	16.864965456603173	66.26717891560908	3.371561768917306	\N
2	202101	\N	194.49956815744548	299.35070696052617	0.4940010859023441	14.021404745428999	76.38039402630324	4.200826832418875	\N
2	202102	\N	150.4368939107646	289.2218651960615	0.028599802371541503	19.118483775551592	64.47050410699754	3.4556906921604478	\N
2	202103	\N	94.61096387397228	247.19412176672208	0.006179183135704875	24.633023910319814	48.392024123214796	4.7396868974240824	\N
2	202104	\N	84.58063640360402	222.81396278665022	0.034134424603174604	28.78664365803567	33.80377520631394	4.5733125172287235	\N
2	202105	\N	54.13114201878216	142.80910195510947	0.7800412607537178	30.321808181224956	47.12547499075494	5.063271092941629	\N
2	202106	\N	53.57108150773753	158.35021835098144	0.692638457905659	33.482991031028924	53.61100383909795	5.0945348442428475	\N
2	202107	\N	39.53140078763253	108.43952283355797	3.927223242352003	32.83034315743801	65.82097461427128	5.05274638599476	\N
2	202108	\N	40.27600448455064	111.02408887044932	3.184847724000381	31.062983673974195	69.76334719520416	3.6771619032624834	\N
2	202109	\N	32.06219052681973	74.46260763159859	3.61371225360724	29.541014634790404	74.81175247309508	3.7663976566140835	\N
2	202110	\N	74.87702563178394	182.79452678244857	0.7795063932116142	26.868129749372105	64.92960985817693	3.2891453916962603	\N
2	202111	\N	237.91134414355764	389.842079805887	0.0017811228705822528	21.289912795334786	65.10592121375666	2.6095304166377296	\N
2	202112	\N	200.35388883914985	319.10793236031293	0.8484125130081533	16.272724820497366	69.57226772288496	3.111295553986338	\N
2	202201	\N	153.81420879644864	242.8701707461226	0.6578537143648202	12.952733723920536	79.45982120229714	3.6374860291541413	\N
2	202202	\N	109.34638619960474	218.15455527873286	0.16501862910771228	16.261800074164334	67.02621743917999	4.351299365187037	\N
2	202203	\N	99.1962179175067	231.806872802011	1.0908532649612517	25.320603879438288	55.41787885814125	4.13759535059989	\N
2	202204	\N	108.77057359484496	294.8234825703435	0.009202898550724637	32.4580425694458	36.27029547838151	4.058400885910282	\N
2	202205	\N	79.30109677425123	239.0667909592017	0.4364929962495173	34.19163792183837	47.53995806351212	4.841032693440262	\N
2	202206	\N	61.69413006848911	212.7178018793207	0.7386891260542712	33.34946613434544	47.45971766639375	4.702934020459796	\N
2	202207	\N	36.0983254945921	83.14177026021683	3.008762239731838	30.728653956780114	71.26081952934344	4.235546424878846	\N
2	202208	\N	32.86175264084241	90.13697147372295	0.8509391747649757	30.197707864416607	69.33497648991755	3.980862186800967	\N
2	202209	\N	39.712175735048795	102.6379033822736	1.175790687441998	29.331215363076094	68.62126239704062	3.360771624451926	\N
1	201009	\N	\N	\N	0.0	28.278671323309005	\N	\N	\N
2	202210	\N	104.70721108538828	217.6631843642113	0.7263094336219337	25.933398842822207	63.56894998199299	2.621627248881345	\N
2	202211	\N	181.28202148865918	315.3274882166568	0.025039682539682542	22.812975578445435	59.47517424670077	2.4428557884868756	\N
2	202212	\N	176.53629304957482	296.29679400679373	0.004020433931148217	16.380492264518345	68.77675825721813	2.9860540230247947	\N
2	202301	\N	177.72739467276648	286.87664741037406	0.2331086678473042	13.169558590467371	72.52605872792192	3.4924344169033423	\N
2	202302	\N	114.81469062393896	236.59116011685612	0.3148160173160173	18.299909958460294	61.39805338633518	3.705545231801015	\N
2	202303	\N	76.2582809040703	170.69718523873175	0.5473246753246753	21.621896458664082	58.43900117314624	3.560942210408899	\N
5	201012	\N	\N	\N	0.0	\N	60.14327138849929	4.913668082548587	\N
5	201101	\N	\N	\N	0.0	\N	53.013740740740744	1.87275	\N
5	201102	\N	\N	\N	0.0	\N	52.503662125917565	1.74208759175607	\N
5	201103	\N	\N	\N	0.0	\N	43.94723923383728	1.8112350230414747	\N
5	201104	\N	\N	\N	0.0	\N	49.51937732580956	1.7760877481427353	\N
5	201105	\N	\N	\N	0.0	\N	39.33076242671509	2.516950090241872	\N
5	201106	\N	\N	\N	0.0	\N	59.39624895506792	3.9402755485893417	\N
5	201107	\N	\N	\N	0.0	\N	69.19360215053763	3.504967741935484	\N
5	201108	\N	\N	\N	0.0	\N	72.34622989336681	3.3069461427699047	\N
5	201109	\N	\N	\N	0.0	\N	68.39988723155929	2.976501428571429	\N
5	201110	\N	\N	\N	0.0	\N	61.03555107526881	2.0835967741935484	\N
5	201111	\N	\N	\N	0.0	\N	56.47490277777778	1.99875	\N
5	201112	\N	\N	\N	0.0	\N	53.40304679863148	1.8790513196480938	\N
5	201201	\N	\N	\N	0.0	\N	54.417715053763445	1.8279677419354838	\N
5	201202	\N	\N	\N	0.0	\N	46.28362958373552	1.8109374881105873	\N
5	201203	\N	\N	\N	0.0	\N	38.51560612435718	1.8397921658986176	\N
5	201204	\N	\N	\N	0.0	\N	47.49154288926965	1.9013982651531378	\N
5	201205	\N	\N	\N	0.0	\N	38.190487046769654	2.478578977544195	\N
5	201206	\N	\N	\N	0.0	\N	\N	\N	\N
5	201207	\N	\N	\N	0.0	\N	72.63083724909421	3.221396445659604	\N
5	201208	\N	\N	\N	0.0	\N	73.16825830928332	3.23412987012987	\N
5	201209	\N	\N	\N	0.0	\N	72.27506182864451	2.9132542780748665	\N
5	201210	\N	\N	\N	0.0	\N	63.643281656982566	3.134366760168303	\N
5	201211	\N	\N	\N	0.0	\N	63.1145	3.2516000000000003	\N
5	201212	\N	\N	\N	0.0	\N	56.69692204301075	2.7746612903225807	\N
5	201301	\N	\N	\N	0.0	\N	56.96432196969697	2.5244469696969696	\N
5	201302	\N	\N	\N	0.0	\N	57.88821237536395	2.641785359809273	\N
5	201303	\N	\N	\N	0.0	\N	43.500294132585246	2.920767558099795	\N
5	201304	\N	\N	\N	0.0	\N	44.958778780096715	3.5084437736176866	\N
5	201305	\N	\N	\N	0.0	\N	47.7731092981093	5.1029149184149185	\N
5	201306	\N	\N	\N	0.0	\N	66.90594065656566	6.092518181818182	\N
5	201307	\N	\N	\N	0.0	\N	77.0172876344086	6.8304193548387095	\N
5	201308	\N	\N	\N	0.0	\N	75.47525020796198	5.367774411764706	\N
5	201309	\N	\N	\N	0.0	\N	74.58988194444444	3.892525	\N
5	201310	\N	\N	\N	0.0	\N	75.32896604938271	3.849671717171717	\N
5	201311	\N	\N	\N	0.0	\N	61.248744805194804	3.2345984415584415	\N
5	201312	\N	\N	\N	0.0	\N	\N	\N	\N
5	201401	\N	\N	\N	0.0	\N	\N	\N	\N
5	201402	\N	\N	\N	0.0	\N	\N	\N	\N
5	201403	\N	\N	\N	0.0	\N	\N	\N	\N
5	201404	\N	\N	\N	0.0	\N	\N	\N	\N
5	201405	\N	\N	\N	0.0	\N	\N	\N	\N
5	201406	\N	\N	\N	0.0	\N	\N	\N	\N
5	201407	\N	\N	\N	0.0	\N	\N	\N	\N
5	201408	\N	\N	\N	0.0	\N	\N	\N	\N
5	201409	\N	\N	\N	0.0	\N	\N	\N	\N
5	201410	\N	\N	\N	0.0	\N	\N	\N	\N
5	201411	\N	\N	\N	0.0	\N	\N	\N	\N
5	201412	\N	\N	\N	0.0	\N	\N	\N	\N
5	201501	\N	\N	\N	0.0	\N	51.62272721967575	2.734334129106188	\N
5	201502	\N	\N	\N	0.0	\N	47.786635255769866	2.668039671866595	\N
5	201503	\N	46.736250000000005	\N	0.0	\N	50.83975806451613	2.554741935483871	\N
5	201504	\N	56.731284391513455	\N	0.0	\N	50.880976429756856	3.6280685795948475	\N
5	201505	\N	51.323588709677416	\N	0.0	\N	43.856881202831765	4.672152274093369	\N
5	201506	\N	74.66584568511199	\N	0.0	\N	62.667081364891146	6.923279333709769	\N
5	201507	\N	26.74002688172043	\N	0.0	\N	58.55553225806452	7.981209677419355	\N
5	201508	\N	50.92975923328658	\N	0.0	\N	69.74687470780738	6.154447405329593	\N
5	201509	\N	92.79528105590062	\N	0.0	\N	69.9504753968254	4.695432467532467	\N
5	201510	\N	121.08084483195489	97.25579667375635	0.8524999999999999	26.584886269644336	62.52211838296112	2.9715353598014893	\N
5	201511	\N	60.36269795412444	103.30316389933165	0.10416666666666667	25.40177511487051	59.345601588640406	2.9492181024677078	\N
5	201512	\N	57.09669170947099	95.33908271378381	0.10416666666666667	24.72399992000753	55.91213105711493	2.3337729932059528	\N
5	201601	\N	79.1018042091712	101.83827956989248	0.20833333333333334	23.84231182795699	53.40037882003396	1.9378917657045842	\N
5	201602	\N	90.14000858201852	99.79633778577744	0.20833333333333334	27.205950328407226	50.250003078817734	2.0791662561576354	\N
5	201603	\N	56.70274845234242	96.52442326490713	0.540719696969697	29.725752688172044	47.81135678837292	2.114409082852631	\N
5	201604	\N	49.78492972929755	95.83694626400805	0.6033333333333333	32.432455519506135	42.753174366308535	2.109697784890877	\N
5	201605	\N	40.19241606326385	72.35447983808848	3.6707882477933964	30.100482930214092	51.18360143892057	3.776888564321926	\N
5	201606	\N	61.756757026789636	\N	0.0	\N	65.40095266389385	7.399351185770752	\N
5	201607	\N	46.856486798093805	\N	0.0	\N	74.3094321989371	7.796251282308155	\N
5	201608	\N	13.432922978829215	33.65899138904574	2.9970833333333333	27.20708934407096	70.93539778396867	4.159844185239313	\N
5	201609	\N	19.42999089394512	44.445143991328585	6.189352475636044	25.408179360188807	73.17870765543059	4.877127487510359	\N
5	201610	\N	46.00800739428119	81.63511839240668	1.8575294795783928	25.685868331815485	59.81576026307805	6.891671457834845	\N
5	201611	\N	63.14406717030956	101.92413890261308	0.13291666666666666	24.015422297253505	53.687188081554766	7.686864385964912	\N
5	201612	\N	68.68168751880754	100.24020598022535	0.2672916666666667	22.917890636771396	55.609145365595275	6.815729280004882	\N
5	201701	\N	77.95178864444993	134.35048521682464	0.005208333333333333	23.113324941867038	50.99050543919241	7.086016426099957	\N
5	201702	\N	77.82187045085197	147.13621053526444	0.3970508658008658	25.924292755827906	46.36592195328693	5.7250534152104775	\N
5	201703	\N	53.909107652273796	134.49580328830606	0.15203869047619048	32.69638397405061	45.49830156428205	5.6437679041683975	\N
5	201704	\N	66.60845460754643	174.71653599621632	0.09565670289855072	35.15603597398539	40.65870822598364	5.186330007896038	\N
5	201705	\N	41.21346714902423	109.73096607106174	0.39368055555555553	36.02212877370294	42.90182940011831	5.778302019376158	\N
5	201706	\N	18.105878652374194	42.74052997552899	4.524309841199143	28.46429335269099	62.744098306081895	7.625965786009186	\N
5	201707	\N	17.69456297536794	52.90126664281712	2.973850296442688	26.069832789007727	68.35711402940622	8.167368162908893	\N
5	201708	\N	20.96127344578572	53.30158123355163	3.6230679458222936	25.65322091543531	72.5608806097033	5.772847931046464	\N
5	201709	\N	28.69998646296825	59.23214390298496	2.450541238474288	26.273763865271746	70.83464480110003	4.56386585489883	\N
5	201710	\N	40.92194337705783	78.15068105172152	1.901142814009662	18.753391029406853	55.25606366822799	2.463516521337121	\N
5	201711	\N	55.939153688558285	103.94026242058418	0.005208333333333333	24.623362115340377	57.965612856420286	3.762152104103626	\N
1	201010	\N	\N	\N	0.0	29.064407754010695	\N	\N	\N
5	201712	\N	72.18515634062365	134.8625057190396	0.013020833333333332	22.680525048290004	55.63039031022499	3.5696313161297994	\N
5	201801	\N	68.84309475229847	144.71494029038595	0.015997023809523808	23.181031355810713	51.6195947574649	3.626761816318324	\N
5	201802	\N	50.589613599564686	115.21834102642526	0.020833333333333332	25.12761809296368	46.7780109704138	4.3333155723828	\N
5	201803	\N	53.84560367089277	115.52886753686938	0.03308063916759569	28.592320873775034	42.96137634007349	4.358112692994611	\N
5	201804	\N	38.39419487286663	91.41686813255924	0.42270833333333335	29.94164535785393	47.72931432078777	4.530261627462291	\N
5	201805	\N	35.7832950087457	91.48677139939821	0.8681845238095238	31.41403240022931	46.88046889112735	4.720928532860698	\N
5	201806	\N	23.178857156260566	54.93235257649295	1.3916792717086834	28.241674125424325	60.32775342222134	6.841370953360813	\N
5	201807	\N	17.124669485261496	45.2002729198057	1.4217659860993839	27.273220064493827	68.4595051320647	8.738005599766606	\N
5	201808	\N	17.680749408312167	49.64540044697538	2.5589312240047533	26.651429555636042	71.44100930582016	8.549927402654685	\N
5	201809	\N	36.255603950790906	78.9140464426497	1.2144160272804774	27.353586648763	67.75326812055417	4.301793527866325	\N
5	201810	\N	54.880243907987676	119.28962914231288	0.671875	27.73755479875759	58.13655078760967	3.784913671145839	\N
5	201811	\N	54.32932009171973	118.21796692753789	0.075625	26.969636366373866	56.00800152297511	6.11556204683811	\N
5	201812	\N	67.54934235928076	125.65999229977957	0.21958333333333332	24.658355019017893	63.369012860485476	6.7647952234610536	\N
5	201901	\N	67.7259913055582	133.93180967913116	0.7346279761904762	23.953233590773966	57.79276159231176	6.2680732388276965	\N
5	201902	\N	55.37434985889435	119.25582554021453	1.9886481829573934	27.139597439118724	53.64440745202362	7.502934289128311	\N
5	201903	\N	46.48980290370678	115.21070124983767	0.06171130952380952	30.408896219321356	47.707639733133284	7.480508034197278	\N
5	201904	\N	37.249823440399155	94.9163123933405	0.22647690638040113	31.206319009547027	45.45318280092875	7.971035297358481	\N
5	201905	\N	43.399065674919385	126.35587970046163	0.03822916666666667	33.55226200998774	40.57520021740575	9.323854764292022	\N
5	201906	\N	23.43317992933216	57.583782199571445	0.49968055555555557	30.19600629354988	57.76721403944876	12.19344801641737	\N
5	201907	\N	16.43881700656768	41.429002608107034	0.3169625603864734	27.49314831774326	69.14639891478285	9.317000539866596	\N
5	201908	\N	17.372531929375317	48.81372145772139	1.3421486801242235	27.00750148647824	73.18999149855696	7.6105234189730195	\N
5	201909	\N	20.74473401139369	42.02964652807127	1.722577316252588	25.683897400479427	77.15107277599698	6.144032598064788	\N
5	201910	\N	37.838850479189695	68.7457184676063	1.1083333333333334	25.413860497515913	76.06710796493498	3.6793877426548938	\N
5	201911	\N	68.57852401228128	131.10385370174993	0.013157051282051281	25.23212857037253	66.35276388450502	3.3669693095804303	\N
5	201912	\N	65.4342664610164	121.85502370736029	0.1546875	22.469839567931277	67.53321858121355	3.4085432699117564	\N
5	202001	\N	52.86703024895853	104.39492412627418	0.041666666666666664	22.387938715852833	58.60540573205721	4.100980759084988	\N
5	202002	\N	43.99978307979505	98.74218321652988	0.06163194444444445	23.00431433330231	52.32069650712768	4.832067090091318	\N
5	202003	\N	35.855207760955466	80.82504772319973	0.23927083333333332	25.186175892879522	50.16169475528952	4.477463191647063	\N
5	202004	\N	30.374909321904575	59.94604542746328	0.5847695707070707	27.46606034738004	49.47751361542778	4.147150795496647	\N
5	202005	\N	30.10135800751872	80.4283600868899	0.5275297619047619	29.669472177837097	48.75578128696274	4.293990890923008	\N
5	202006	\N	18.52233850179717	45.03235751345596	2.702300294641121	26.376968008810866	68.2841876547305	6.335442815029903	\N
5	202007	\N	14.472578624213417	30.913027497059723	3.657058531746032	24.144707705978604	75.92674169381793	6.347280203974998	\N
5	202008	\N	12.898334409090602	28.922406943213808	5.905522264571178	23.427791226955485	79.172260654902	8.314248209580068	\N
5	202009	\N	17.774484481903777	45.697328253259926	5.074479166666666	25.75270804591532	78.31378319665676	5.252303128326632	\N
5	202010	\N	47.50398668073011	99.31474078304429	7.335770064778217	24.544556753408195	73.94709059012311	4.001649387818452	\N
5	202011	\N	56.31182936113135	117.85944783166714	4.470365571928072	23.40857428874546	64.57621840823326	3.993318015313757	\N
5	202012	\N	69.91184355849703	138.1386516839981	0.9635416666666667	23.278896276915447	61.82744733518666	3.294590379079103	\N
5	202101	\N	64.683860205646	123.56165969457977	0.5195193713450292	24.566812162169903	63.49915290182148	3.27677206750774	\N
5	202102	\N	61.4648227584281	129.77086825313995	9.175061396698268	25.18174097236987	52.82063891431021	3.5311758623487886	\N
5	202103	\N	57.104570609881506	129.02926430924538	5.7846874999999995	28.21306856280699	46.570849839897	3.5727195627887776	\N
5	202104	\N	46.489841859650014	113.39453159480585	4.605235507246377	29.097718377580865	50.526283655297135	3.616114379915339	\N
5	202105	\N	23.87121526006779	63.32285861066793	1.3569642857142856	29.09487123299607	57.311192273505064	5.263615944896084	\N
5	202106	\N	16.312797280095168	46.6772664851562	2.270797101449275	27.101605634974053	69.39637039182865	7.2462505953545415	\N
5	202107	\N	11.333207383021133	32.09991629315505	5.291798941798942	26.1078193967323	76.26295133540296	7.002235449711579	\N
5	202108	\N	16.527408132902423	42.49069527030428	2.873197032436163	26.01435866581777	75.8668425799229	5.278562281156874	\N
5	202109	\N	12.973566427810884	35.17835420165871	3.9269384057971015	25.509281024377675	78.76170148810243	5.687009060593152	\N
5	202110	\N	45.01697730715835	98.5475777160644	1.6233459595959596	26.758041344776995	63.84574655375689	3.8681856243793113	\N
5	202111	\N	44.56637289763578	87.17684800320141	0.3093274097078445	24.718882995744192	63.865485292678336	4.300899438452851	\N
5	202112	\N	68.5696049567727	127.85683347214184	0.05388888888888889	23.629032218144175	57.68376401315297	3.724088561046247	\N
5	202201	\N	55.23089648408447	107.97094857626011	0.21009920634920634	23.53561214538195	59.02877558120637	3.380443595107557	\N
5	202202	\N	51.4992691282656	117.46725780926285	0.006944444444444444	25.587049955364225	55.1209495496041	3.5960480916457493	\N
5	202203	\N	54.18712299652744	123.71074703853157	0.05027777777777778	28.064656419029	51.578621015302296	3.677894650370667	\N
5	202204	\N	41.49595327812652	107.20063935810258	0.09043976362474815	29.29519535781711	53.35191526060705	4.814549682398567	\N
5	202205	\N	36.66425507595199	102.88658143041164	0.30091787439613527	30.64255858997999	54.71711838249115	6.452578939282833	\N
5	202206	\N	26.290748697027077	57.47232257651486	0.6360538073038072	26.87794430284789	59.713633747578264	6.627180918487116	\N
5	202207	\N	20.537875012462777	44.25633524825926	2.870017066961731	23.839363549720478	79.22583429291502	6.7306788570014024	\N
5	202208	\N	20.889391099877482	48.10989994689594	0.7064023386034256	25.062609020835293	74.90747588726825	4.843326344431415	\N
5	202209	\N	22.40833313904643	47.03309224150795	1.8948818796852394	24.91106076502965	76.48467024219909	3.808506840120944	\N
5	202210	\N	31.066565469477865	58.854455329956124	1.9633971042835459	24.704781627352393	70.51637099551623	2.9717190203564265	\N
5	202211	\N	48.3863446260064	88.1881249126538	0.0046212121212121215	24.176171427424347	57.33155615798328	2.6151067425093113	\N
5	202212	\N	46.74046798732459	82.71268428073104	0.1438273321449792	24.05421249222451	63.588526609807786	2.6416647791952017	\N
5	202301	\N	48.52339428569886	89.16371100631814	0.003099173553719008	23.60492293788309	57.85062145359446	2.5396971852421246	\N
5	202302	\N	48.04325591000389	100.68723479628329	0.016731060606060607	26.542482695945097	44.004956706188	2.435419516188514	\N
5	202303	\N	42.10721801172606	88.94335322961025	0.6302334795321637	26.763462863899203	51.70321499168524	2.669276799284816	\N
1	201001	\N	\N	\N	0.0	26.239809016710133	\N	\N	\N
1	201002	\N	\N	\N	0.0	25.731500190985482	\N	\N	\N
1	201003	\N	\N	\N	0.0	28.727929081964167	\N	\N	\N
1	201004	\N	\N	\N	0.0	30.477749843358396	\N	\N	\N
1	201011	\N	\N	\N	0.0	29.92736842105263	\N	\N	\N
1	201012	\N	\N	\N	0.0	\N	\N	\N	\N
1	201101	\N	\N	\N	0.0	27.56	\N	\N	\N
1	201102	\N	\N	\N	0.0	\N	\N	\N	\N
1	201103	\N	\N	\N	0.0	\N	\N	\N	\N
1	201104	\N	\N	\N	0.0	\N	\N	\N	\N
1	201105	\N	\N	\N	0.0	\N	\N	\N	\N
1	201106	\N	\N	\N	0.0	28.407675627943487	\N	\N	\N
1	201107	\N	\N	\N	0.0	26.353075757575755	\N	\N	\N
1	201108	\N	\N	\N	0.0	27.901377192982455	\N	\N	\N
1	201109	\N	\N	\N	0.0	28.672083333333333	\N	\N	\N
1	201110	\N	\N	\N	0.0	29.461041666666667	\N	\N	\N
1	201111	\N	\N	\N	0.0	28.49486111111111	\N	\N	\N
1	201112	\N	\N	\N	0.0	27.51770833333333	\N	\N	\N
1	201201	\N	\N	\N	0.0	24.029583333333335	\N	\N	\N
1	201202	\N	\N	\N	0.0	25.52583333333333	\N	\N	\N
1	201203	\N	\N	\N	0.0	25.53486111111111	\N	\N	\N
1	201204	\N	\N	\N	0.0	26.42364583333333	\N	\N	\N
1	201205	\N	\N	\N	0.0	27.328333333333337	\N	\N	\N
1	201206	\N	\N	\N	0.0	26.968680555555554	\N	\N	\N
1	201207	\N	\N	\N	0.0	27.02339285714286	\N	\N	\N
1	201208	\N	\N	\N	0.0	27.044010416666666	\N	\N	\N
1	201209	\N	\N	\N	0.0	26.842407407407407	\N	\N	\N
1	201210	\N	\N	\N	0.0	27.21475	\N	\N	\N
1	201211	\N	\N	\N	0.0	27.609886363636363	\N	\N	\N
1	201212	\N	\N	\N	0.0	27.624930555555554	\N	\N	\N
1	201301	\N	\N	\N	0.0	25.47153846153846	\N	\N	\N
1	201302	\N	\N	\N	0.0	25.10419642857143	\N	\N	\N
1	201303	\N	107.8	\N	0.0	26.574305555555554	\N	\N	\N
1	201304	\N	\N	\N	0.0	26.696666666666665	\N	\N	\N
1	201305	\N	\N	\N	0.0	27.61516666666667	\N	\N	\N
1	201306	\N	\N	\N	0.0	28.329340277777778	\N	\N	\N
1	201307	\N	\N	\N	0.0	27.690059523809527	\N	\N	\N
1	201308	\N	\N	\N	0.0	27.918504464285714	\N	\N	\N
1	201309	\N	\N	\N	0.0	27.906898148148148	\N	\N	\N
1	201310	\N	\N	\N	0.0	27.902749999999997	\N	\N	\N
1	201311	\N	\N	\N	0.0	28.11005582137161	\N	\N	\N
1	201312	\N	\N	\N	0.0	27.969379960317458	\N	\N	\N
1	201401	\N	\N	\N	0.0	23.734583333333333	\N	\N	\N
1	201402	\N	\N	\N	0.0	25.90833333333333	\N	\N	\N
1	201403	\N	\N	\N	0.0	25.867499999999996	\N	\N	\N
1	201404	\N	\N	\N	0.0	27.175625	\N	\N	\N
1	201405	\N	\N	\N	0.0	27.868166666666667	\N	\N	\N
1	201406	\N	\N	\N	0.0	28.352013888888887	\N	\N	\N
1	201407	\N	\N	\N	0.0	28.79767857142857	\N	\N	\N
1	201408	\N	\N	\N	0.0	28.949166666666667	\N	\N	\N
1	201409	\N	\N	\N	0.0	28.566712962962963	\N	\N	\N
1	201410	\N	\N	\N	0.0	28.910874999999997	\N	\N	\N
1	201411	\N	\N	\N	0.0	29.02992424242424	\N	\N	\N
1	201412	\N	\N	\N	0.0	28.935208333333335	\N	\N	\N
1	201501	\N	\N	\N	0.0	\N	\N	\N	\N
1	201502	\N	\N	\N	0.0	\N	\N	\N	\N
1	201503	\N	\N	\N	0.0	\N	\N	\N	\N
1	201504	\N	\N	\N	0.0	\N	\N	\N	\N
1	201505	\N	\N	\N	0.0	\N	\N	\N	\N
1	201506	\N	\N	\N	0.0	\N	\N	\N	\N
1	201507	\N	\N	\N	0.0	\N	\N	\N	\N
1	201508	\N	\N	\N	0.0	\N	\N	\N	\N
1	201509	\N	\N	\N	0.0	\N	\N	\N	\N
1	201510	\N	\N	\N	0.0	\N	\N	\N	\N
1	201511	\N	\N	\N	0.0	\N	\N	\N	\N
1	201512	\N	\N	\N	0.0	\N	\N	\N	\N
1	201601	\N	\N	\N	0.0	\N	\N	\N	\N
1	201602	\N	\N	\N	0.0	\N	\N	\N	\N
1	201603	\N	\N	\N	0.0	\N	\N	\N	\N
1	201604	\N	\N	\N	0.0	\N	\N	\N	\N
1	201605	\N	\N	\N	0.0	\N	\N	\N	\N
1	201606	\N	\N	\N	0.0	\N	\N	\N	\N
1	201607	\N	\N	\N	0.0	\N	\N	\N	\N
1	201608	\N	\N	\N	0.0	\N	\N	\N	\N
1	201609	\N	\N	\N	0.0	\N	\N	\N	\N
1	201610	\N	\N	\N	0.0	\N	\N	\N	\N
1	201611	\N	\N	\N	0.0	\N	\N	\N	\N
1	201612	\N	\N	\N	0.0	\N	\N	\N	\N
1	201701	\N	\N	\N	0.0	\N	\N	\N	\N
1	201702	\N	\N	\N	0.0	\N	\N	\N	\N
1	201703	\N	\N	\N	0.0	\N	\N	\N	\N
1	201704	\N	\N	\N	0.0	\N	\N	\N	\N
1	201705	\N	\N	\N	0.0	\N	\N	\N	\N
1	201706	\N	\N	\N	0.0	\N	\N	\N	\N
1	201707	\N	\N	\N	0.0	\N	\N	\N	\N
1	201708	\N	\N	\N	0.0	\N	\N	\N	\N
1	201709	\N	\N	\N	0.0	\N	\N	\N	\N
1	201710	\N	\N	\N	0.0	\N	\N	\N	\N
1	201711	\N	\N	\N	0.0	\N	\N	\N	\N
1	201712	\N	\N	\N	0.12375	\N	\N	\N	\N
1	201801	\N	\N	\N	0.02791666666666667	\N	\N	\N	\N
1	201802	\N	\N	\N	0.0	\N	\N	\N	\N
1	201803	\N	\N	\N	0.0	\N	\N	\N	\N
1	201804	\N	25.774	58.552	0.0	\N	69.21162337662338	0.36000000000000004	\N
1	201805	\N	20.661768682904082	68.45053228531444	0.0	\N	71.37893683480596	0.9576000000000001	\N
1	201806	\N	18.980765853912594	63.160026641125214	0.5914723320158103	\N	81.00125380589446	0.7729289283697669	\N
1	201807	\N	16.438434283760326	62.75361538198457	1.493195773524721	\N	88.20887143655057	0.8229735165066806	\N
1	201808	\N	21.915481533426835	60.963807269752216	0.2075	\N	85.48391129032258	0.5210440714028286	\N
1	201809	\N	29.051666666666666	73.227	0.051666666666666666	\N	78.82256944444445	0.3266068350642493	\N
1	201810	\N	45.930272539554394	124.31756846188915	0.0	\N	63.479631850907715	0.4950426603822141	\N
1	201811	\N	60.61340355417529	156.37731800047007	0.0	\N	58.66726619343389	0.3766808801447	\N
1	201812	\N	65.31209677419355	166.2838306451613	0.0	\N	51.871642706872365	0.5388997194950912	\N
1	201901	\N	65.80085725677831	194.3405427792355	0.0	\N	57.70672036579719	0.4396953233523692	\N
1	201902	\N	54.616905602161815	160.11864094708295	0.0	\N	61.07156779361942	0.4913774703557312	\N
1	201903	\N	30.425747684827904	120.95195999897105	0.0	\N	64.79399399341462	0.6381768637135361	\N
1	201904	\N	20.549130778609896	77.99522627847617	0.0	\N	70.69559161697062	0.40485222443460434	\N
1	201905	\N	15.485605336575533	65.3662317520021	0.0	\N	70.00166094120932	0.39041662355876944	\N
1	201906	\N	14.759530148741444	58.712755776898895	2.047083333333333	28.725226299981877	80.12227727058293	6.636401510721579	\N
1	201907	\N	12.479372218615802	45.61878250033086	4.02557563622495	26.9538031577778	90.5682490218719	14.609794654267601	\N
1	201908	\N	13.236737842957385	51.014312280295776	1.1208333333333333	27.234951484949406	87.2310210008267	14.275788497748803	\N
1	201909	\N	12.16386638849056	37.39340054672882	0.0	26.32993290019641	90.95124557662166	14.448451683096163	\N
1	201910	\N	35.11003874634054	76.78399243232546	0.06547619047619047	27.853613114297126	78.13878676711117	13.258444727863095	\N
1	201911	\N	60.94442911310308	119.13711292429201	0.19772727272727272	27.647690962263244	74.07543928824184	11.732131675294166	\N
1	201912	\N	80.66861132079804	148.45754639969346	0.0	26.254888334293582	70.53680404395314	11.880503731874903	\N
1	202001	\N	72.39870101318407	150.49971869967797	0.0	23.620317722326387	68.13629439218195	4.770677474733005	\N
1	202002	\N	66.97214449365117	159.50228713105363	0.0	25.883204544609047	59.289149765191375	4.231727714225795	\N
1	202003	\N	32.35319906001159	105.07285209172258	0.0	26.528120496693507	66.02688922382812	4.426106660474078	\N
1	202004	\N	22.363975455909998	65.66936988104584	0.0	29.319435115736383	75.10655053831589	4.437727919705213	\N
1	202005	\N	15.679978033149103	54.378584655735445	0.0	30.17530674067422	75.5395095665469	4.956880468978306	\N
1	202006	\N	10.876771365048235	33.58982685910405	1.4854166666666668	28.07771414062839	84.74724944970193	4.681972375876069	\N
1	202007	\N	8.734941223958113	29.867035879371084	0.7970833333333334	26.8097245359834	91.93095101447614	4.499239955459237	\N
1	202008	\N	8.777563470250167	32.55875345822235	0.0	26.69623923960016	93.25679783975338	5.584276956077823	\N
1	202009	\N	21.809286090625356	60.39303395718101	0.0	27.77883709916816	88.11926255948852	3.859439606156477	\N
1	202010	\N	43.28019440648677	95.17585677905495	0.0	28.288038807010224	82.93761398063187	3.7766659926911648	\N
1	202011	\N	68.51909665277003	144.55638314701562	0.0	27.737973304679073	64.32226898244232	3.365852209005432	\N
1	202012	\N	77.44759880605334	155.9520562904526	0.08754464285714285	25.60730662112583	67.91033925607375	3.0883625860426926	\N
1	202101	\N	96.88282435183227	186.87373410752662	0.008854166666666666	24.84425471765791	68.39978962928325	4.8647051062960385	\N
1	202102	\N	70.40308764136734	153.70875963690384	0.0023437500000000003	26.210654779503187	57.94118408502743	4.811370373833186	\N
1	202103	\N	64.54569165013825	160.9462228168672	0.0	28.474941712319065	58.17966386217405	4.905345596399114	\N
1	202104	\N	38.463595042777335	103.13278856265251	0.0032291666666666666	28.962569692046074	73.19183364522456	4.3477098832730015	\N
1	202105	\N	28.58057568833197	78.15643237799537	1.8569137551759836	29.768577012231084	74.91759536066988	5.198908368891137	\N
1	202106	\N	23.095527217869225	59.636746914318884	5.824016456289874	27.546147363395082	84.91669280786007	5.892817035084079	\N
1	202107	\N	21.00800708158379	54.05430321169778	6.990396604571376	26.92486707269423	85.92276583510427	5.235464613185799	\N
1	202108	\N	20.217273324536475	50.87248034398281	2.141799860474493	26.195271248902483	81.47648278859809	3.787938426804583	\N
1	202109	\N	17.50372735075948	50.40746910586991	1.5295138888888888	26.401857409983354	81.94411499033167	4.677999078997524	\N
1	202110	\N	41.22499448282177	95.46053887170915	0.12822222222222224	27.930440360510406	67.68623144438065	4.341531876165448	\N
1	202111	\N	67.53579501317746	134.93996683837446	7.559508007089529	27.952744574470092	61.41154640148891	4.456589959157502	\N
1	202112	\N	76.77703427268973	157.98917111212182	0.360006038647343	24.613179639569275	64.38842696224171	4.078263416279383	\N
1	202201	\N	76.8349800973493	172.40999585039953	0.0020833333333333333	23.195443520572194	58.987553197337526	4.845880561261009	\N
1	202202	\N	68.66034744571904	159.66275980295788	0.004583333333333333	23.797907112127426	58.90092875581324	4.619771659962974	\N
1	202203	\N	69.50963183658295	160.74758168919823	0.0	28.497252388321336	54.24128317701221	5.968676381099692	\N
1	202204	\N	42.71294755768127	114.37078042501457	0.0005208333333333333	29.35484676261861	65.29963603741255	6.112650945154731	\N
1	202205	\N	44.087371304617285	129.89014688053697	0.004687500000000001	29.921214189771767	66.44945093294679	6.047095871120736	\N
1	202206	\N	19.770934674805208	51.13697323222991	1.2660080752580751	27.977717967301466	73.38385836340593	5.444828108536247	\N
1	202207	\N	21.64837635092142	56.985440138465194	27.385358974358972	26.926680220416184	87.11094034847635	12.912913242230502	\N
1	202208	\N	16.743968475928575	63.695898065432644	1.3075308463466357	26.88011999387286	86.57363650213286	13.670689451592349	\N
1	202209	\N	19.522236604590603	46.917315215875554	1.0448248792270531	26.844433317277147	86.63031387014213	11.666521507295812	\N
1	202210	\N	40.480331125126646	90.19222226658974	0.6614583333333334	27.227620003177222	76.12195453380893	7.4616960090231865	\N
1	202211	\N	74.62845553386829	162.06612167930288	0.0	27.735433779784923	62.43593193524389	4.785366491510725	\N
1	202212	\N	88.96564756938729	192.22415148800283	8.491666666666667	25.34433228893857	68.93095997797734	9.213012516042191	\N
1	202301	\N	93.93091946841922	187.93399268356535	0.22043780193236714	22.733369132635026	68.11058038625944	11.21037593405709	\N
1	202302	\N	84.949500692771	180.86030998267188	0.12583333333333335	26.887555036571193	49.004450497350106	13.649273659009877	\N
1	202303	\N	61.03748001318398	140.57493218532986	0.0546875	28.32410426780593	56.60123277961208	13.701367089923226	\N
4	201001	\N	\N	\N	0.0	\N	57.78	4.86	\N
4	201002	\N	\N	\N	0.0	\N	\N	3.1193442028985507	\N
4	201003	\N	\N	\N	0.0	\N	53.875	2.358	\N
4	201004	\N	\N	\N	0.0	\N	\N	\N	\N
4	201005	\N	\N	\N	0.0	\N	\N	\N	\N
4	201006	\N	\N	\N	0.02	\N	66.23892857142857	4.90433850931677	\N
4	201007	\N	\N	\N	0.32368347338935577	\N	70.10933326166725	4.353479096932442	\N
4	201008	\N	\N	\N	0.027727272727272725	\N	79.81029166666667	3.9804000000000004	\N
4	201009	\N	\N	\N	0.0	\N	\N	4.094013152934022	\N
4	201010	\N	\N	\N	0.023333333333333334	\N	69.95461276445957	3.123770358318153	\N
4	201011	\N	\N	\N	0.11333333333333334	\N	68.69112247145455	3.035858518929487	\N
4	201012	\N	\N	\N	0.0	\N	61.875583808555206	2.366666358671615	\N
4	201101	\N	\N	\N	0.0	\N	42.76791573551935	1.973099530075188	\N
4	201102	\N	\N	\N	0.0	\N	33.7688125	2.579325	\N
4	201103	\N	\N	\N	0.0	\N	33.17132743596451	2.9949769443152756	\N
4	201104	\N	\N	\N	0.16499999999999998	\N	36.949820959297504	3.4749522857005695	\N
4	201105	\N	\N	\N	0.16999999999999998	\N	46.003039864093786	4.957718954248366	\N
4	201106	\N	\N	\N	0.17666666666666667	\N	54.612779220779224	3.3477194805194808	\N
4	201107	\N	\N	\N	0.20461904761904762	\N	65.52045465239635	4.405727760381911	\N
4	201108	\N	\N	\N	0.3313412698412698	\N	61.51584492955875	3.4174940472839856	\N
4	201109	\N	\N	\N	0.24552308802308803	\N	69.27723889904249	3.477855906307209	\N
4	201110	\N	\N	\N	0.0	\N	50.10527777777777	2.774	\N
4	201111	\N	\N	\N	0.0	\N	\N	\N	\N
4	201112	\N	\N	\N	0.0	\N	\N	\N	\N
4	201201	\N	\N	\N	0.0	\N	\N	\N	\N
4	201202	\N	\N	\N	0.0	\N	\N	\N	\N
4	201203	\N	\N	\N	0.0	\N	41.40562629399586	4.34168944099379	\N
4	201204	\N	\N	\N	0.07500000000000001	\N	39.68300247645537	3.7823031181379005	\N
4	201205	\N	\N	\N	0.01	\N	37.386202437912964	5.823601010101011	\N
4	201206	\N	\N	\N	0.0	\N	\N	\N	\N
4	201207	\N	\N	\N	0.2156829573934837	\N	71.78700402273395	5.084027346761463	\N
4	201208	\N	\N	\N	0.35704545454545455	\N	68.01053052454368	4.133629027113238	\N
4	201209	\N	\N	\N	0.13862703962703965	\N	65.47394405130473	3.1631557717823973	\N
4	201210	\N	\N	\N	0.4318333333333334	\N	66.47134841235321	2.3482969769464983	\N
4	201211	\N	\N	\N	0.0	\N	53.8344056372549	2.832033936651584	\N
4	201212	\N	\N	\N	0.0	\N	46.783024999999995	2.14443	\N
4	201301	\N	\N	\N	0.0	\N	47.935506547374196	2.905928526272489	\N
4	201302	\N	\N	\N	0.0	\N	44.80785093043065	3.090628984225269	\N
4	201303	\N	\N	\N	0.02	\N	32.642306824037	3.6624327110229924	\N
4	201304	\N	\N	\N	0.0	\N	36.83984748482727	4.493239705882353	\N
4	201305	\N	\N	\N	0.0	\N	\N	\N	\N
4	201306	\N	\N	\N	0.0	\N	\N	\N	\N
4	201307	\N	\N	\N	0.0	\N	\N	\N	\N
4	201308	\N	\N	\N	0.0	\N	\N	\N	\N
4	201309	\N	\N	\N	0.0	\N	\N	\N	\N
4	201310	\N	\N	\N	0.0	\N	\N	\N	\N
4	201311	\N	\N	\N	0.0	\N	\N	\N	\N
4	201312	\N	\N	\N	0.0	\N	\N	\N	\N
4	201401	\N	\N	\N	0.0	\N	\N	\N	\N
4	201402	\N	\N	\N	0.0	\N	\N	\N	\N
4	201403	\N	\N	\N	0.0	\N	\N	\N	\N
4	201404	\N	\N	\N	0.0	\N	\N	\N	\N
4	201405	\N	\N	\N	0.0	\N	\N	\N	\N
4	201406	\N	\N	\N	0.0	\N	\N	\N	\N
4	201407	\N	\N	\N	0.0	\N	\N	\N	\N
4	201408	\N	\N	\N	0.0	\N	\N	\N	\N
4	201409	\N	\N	\N	0.0	\N	\N	\N	\N
4	201410	\N	\N	\N	0.0	\N	\N	\N	\N
4	201411	\N	\N	\N	0.0	\N	\N	\N	\N
4	201412	\N	\N	\N	0.0	\N	\N	\N	\N
4	201501	\N	\N	\N	0.0	\N	\N	\N	\N
4	201502	\N	\N	\N	0.0	\N	\N	\N	\N
4	201503	\N	\N	\N	0.0	\N	\N	\N	\N
4	201504	\N	\N	\N	0.0	\N	\N	\N	\N
4	201505	\N	\N	\N	0.0	\N	\N	\N	\N
4	201506	\N	41.24965191511387	88.31714285714285	0.8425	\N	0.23	\N	\N
4	201507	\N	41.5831556802244	101.922198457223	0.0	\N	70.42486111111111	5.054083333333334	\N
4	201508	\N	30.384444444444444	88.17080555555555	0.0	\N	67.73182795698924	5.094483870967742	\N
4	201509	\N	43.484648544088756	116.98064194139194	0.0	\N	64.22797222222222	4.12765	\N
4	201510	\N	76.18002688172044	148.08793548387095	0.0	\N	58.96077688172043	2.9799	\N
4	201511	\N	111.01386800227337	189.20420164561213	0.145	\N	55.106885265700484	2.715232608695652	\N
4	201512	\N	104.35283448133991	171.41186614774114	0.0	\N	51.5966774059274	2.5125524475524474	\N
4	201601	\N	97.73237096774194	135.85535916316036	0.0	\N	46.45319892473118	2.456274193548387	\N
4	201602	\N	83.27394240379809	103.42569872958258	0.0	\N	42.854324712643674	2.926448275862069	\N
4	201603	\N	80.50252571294997	95.3099719495091	0.0	\N	36.37944015895278	3.012021037868163	\N
4	201604	\N	58.62181219806764	90.16465497364953	0.0	\N	33.73041666666667	3.57615	\N
4	201605	\N	35.32156258538095	68.76309216438074	0.0	\N	45.12059139784946	5.938064516129032	\N
4	201606	\N	23.89166353622858	57.56698457400088	0.5	\N	61.05602777777778	5.62965	\N
4	201607	\N	24.594943443653122	37.49218505942275	5.346330409356725	\N	72.72600806451612	4.218532258064516	\N
4	201608	\N	27.2084610799439	33.55134408602151	3.4887619047619047	\N	70.64031965871902	4.631358345021037	\N
4	201609	\N	30.12817287000439	40.88745202020202	2.5431666666666666	\N	68.42126388888889	4.15505	\N
4	201610	\N	70.94675703387308	79.21217773052099	0.8975	\N	58.76583333333333	2.5865322580645165	\N
4	201611	\N	112.35165360122969	142.28618780193239	0.0	\N	49.20891416494134	2.105605590062112	\N
4	201612	\N	74.03445827489482	115.77152816736792	0.0	\N	49.714569892473115	1.882258064516129	\N
4	201701	\N	63.79093034128097	98.53838465298142	0.0	\N	47.6705376344086	2.091774193548387	\N
4	201702	\N	56.340415372670805	83.30928747882551	0.0	\N	37.198541666666664	2.719607142857143	\N
4	201703	\N	46.511362308215396	84.56187269964724	0.0	\N	33.89111559139785	2.9552903225806455	\N
4	201704	\N	37.89950905797102	78.50468006148441	0.0	\N	31.528375	3.6781	\N
4	201705	\N	24.11214037995665	56.19560159802796	0.75	\N	43.20458333333333	4.582209677419354	\N
4	201706	\N	14.508977339346389	24.777362756776657	3.9579285714285715	\N	64.45942314448835	4.59561581027668	\N
4	201707	\N	18.807138318670578	34.092008903905814	3.18275	\N	70.88661290322581	4.50866129032258	\N
4	201708	\N	31.538785009987677	38.8220645191648	1.8094999999999999	\N	69.49256661991585	4.040848527349229	\N
4	201709	\N	21.660872662965055	45.27795513363448	5.185833333333333	\N	67.37067857142857	2.897357142857143	\N
4	201710	\N	45.02384079393148	80.36628295726966	4.126666666666667	\N	61.275003448631786	2.162793901750424	\N
4	201711	\N	49.98723549602908	102.97412925526635	2.844583333333333	\N	52.6390266943734	1.690459819625791	\N
4	201712	\N	\N	44.44	8.019166666666667	\N	53.448125000000005	\N	\N
4	201801	\N	\N	\N	6.149583333333333	\N	55.4825	\N	\N
4	201802	\N	\N	241.052	3.879166666666667	\N	54.84972222222222	\N	\N
4	201803	\N	\N	195.68166666666664	2.14	\N	44.68111111111111	4.3875	\N
4	201804	\N	\N	154.17000000000002	1.0591640786749483	\N	55.482	2.7077142857142857	\N
4	201805	\N	33.9	42.17666666666667	0.724265873015873	\N	52.06777777777778	3.9954101382488476	\N
4	201806	\N	29.812632352941176	54.4562205882353	0.5055615942028986	\N	58.058	1.1175500000000003	\N
4	201807	\N	23.611179289387564	42.03722300140252	0.53125	\N	\N	1.0080000000000002	\N
4	201808	\N	22.74653895193166	36.93707520506609	0.5029347826086956	\N	\N	1.0307419354838712	\N
4	201809	\N	31.207843397745574	60.37713546698873	0.6529166666666667	\N	\N	1.0080000000000002	\N
4	201810	\N	57.14506720430107	105.42051075268817	1.9008333333333334	\N	\N	1.0080000000000002	\N
4	201811	\N	72.95395108695652	112.87473671497584	3.3520833333333333	\N	\N	1.0080000000000002	\N
4	201812	\N	81.7849803848076	135.01409770114944	4.351	\N	\N	1.0080000000000002	\N
4	201901	\N	88.21611893833142	157.46182370691488	5.429598155467721	\N	\N	1.0080000000000002	\N
4	201902	\N	62.400362554112554	126.63803571428572	4.359166666666667	\N	\N	1.0080000000000002	\N
4	201903	\N	54.79115975422427	133.4311512388967	46.18411231884058	\N	\N	1.0080000000000002	\N
4	201904	\N	49.532905676328504	91.54602777777777	39.47541666666667	\N	\N	1.0087500000000003	\N
4	201905	\N	49.15239928127428	81.92058090520591	37.875742753623186	\N	\N	1.0078285714285715	\N
4	201906	\N	27.32477339654993	45.42914979850475	37.396123188405795	\N	\N	1.0080000000000002	\N
4	201907	\N	19.918790406064247	33.198447238362384	51.52969202898551	\N	\N	1.0080000000000002	\N
4	201908	\N	24.80712365591398	41.3452688172043	28.91875	\N	\N	1.0080000000000002	\N
4	201909	\N	21.00804770531401	35.01311473429951	28.442083333333333	\N	\N	1.0080000000000002	\N
4	201910	\N	37.686196153075535	62.809940225739666	30.378095238095238	\N	\N	1.0080000000000002	\N
4	201911	\N	65.40652558479532	109.01065497076023	23.852166666666665	\N	\N	1.0080000000000002	\N
4	201912	\N	75.7604059139785	126.26736559139785	20.757424242424243	\N	\N	1.0080000000000002	\N
4	202001	\N	77.10739890135577	128.51206697054698	40.766666666666666	\N	\N	1.0080000000000002	\N
4	202002	\N	64.35008370814593	107.2502799850075	24.212210144927536	\N	\N	2.1642232142857147	\N
4	202003	\N	42.21315011318619	67.82408814374647	24.94392543859649	\N	\N	2.4549906621392195	\N
4	202004	\N	31.528795289855072	36.38908333333333	22.476666666666667	\N	\N	1.512	\N
4	202005	\N	60.425050226372385	33.75276966610073	24.43657894736842	\N	\N	1.4615322580645163	\N
4	202006	\N	16.00705662669657	17.492188937773175	16.752870082815736	\N	\N	0.9870978260869566	\N
4	202007	\N	11.777173366605343	20.583342455814407	16.38458333333333	\N	\N	1.0197096774193548	\N
4	202008	\N	9.524469731997783	16.263515525498345	24.163333333333334	\N	\N	1.564741935483871	\N
4	202009	\N	17.32316352454309	29.52468503935678	20.812559523809526	\N	\N	1.5333428571428573	\N
4	202010	\N	34.93176666980895	48.57772219304388	0.0	\N	59.07473528172417	1.7908238526179703	\N
4	202011	\N	54.19573044944741	80.56169405078165	0.0	\N	55.21376090616308	1.8277578392621872	\N
4	202012	\N	68.42499115502821	111.57718077169562	0.0	\N	56.05225867392583	2.0226391966150907	\N
4	202101	\N	59.8853079159211	100.01939671553264	0.0	\N	56.14448851540616	1.8946553221288516	\N
4	202102	\N	62.702606033815236	107.57995088800784	0.0	\N	42.31341628471711	1.9704205601116767	\N
4	202103	\N	60.46122214930803	101.26012081421855	0.0	\N	32.78282639495108	2.2468793337665462	\N
4	202104	\N	46.96284003271947	78.11049717041676	0.0	\N	26.899984360668572	2.001097134444503	\N
4	202105	\N	32.204545770757655	54.060696694259796	0.0	\N	57.630972222222226	1.8389285714285715	\N
4	202106	\N	24.89571585662029	46.22840903310273	0.0	\N	65.44565696085523	2.154533234007372	\N
4	202107	\N	19.62854477334779	39.65478975191973	0.0	\N	67.14792914003208	1.976205676676265	\N
4	202108	\N	25.726846803917685	40.52463478341853	0.0	\N	67.82703467405491	2.4281104008435346	\N
4	202109	\N	23.303007182119753	35.21436135253312	0.0	\N	68.47953237000993	2.449936501478062	\N
4	202110	\N	39.75095231201911	63.93740353338864	0.0	\N	59.46559480020502	2.5357977279691237	\N
4	202111	\N	63.130462344506164	102.77775124963604	0.0	\N	56.01273019617546	2.4160757030236844	\N
4	202112	\N	79.20458821150245	127.43867105551854	0.0	\N	68.15291666666667	1.9079375	\N
4	202201	\N	68.83558047112246	115.74891051439762	0.0	\N	\N	\N	\N
4	202202	\N	63.389098055563764	101.86759386069646	0.0	\N	29.050864219114217	2.874816083916084	\N
4	202203	\N	71.53310476341827	115.9977288378563	0.0	\N	33.38696666666667	2.73114	\N
4	202204	\N	62.139393140995345	101.2979847117803	0.0	\N	\N	\N	\N
4	202205	\N	66.30373765277501	102.15768182933476	0.0	\N	47.61529773109244	2.9246303697478995	\N
4	202206	\N	31.686338223018723	48.43161962153102	0.0	\N	53.98385622710623	2.9602203296703298	\N
4	202207	\N	23.682280398250988	35.97181145102546	0.0	\N	78.09532196969697	1.1093333333333335	\N
4	202208	\N	403.90110387052783	211.59181816372035	0.0	\N	69.03440664890665	1.0660022977022978	\N
4	202209	\N	284.35510845105193	142.4643144319131	0.0	\N	65.43208784987229	1.4048567283100533	\N
4	202210	\N	137.7512136518639	97.38077874285419	0.0	\N	67.8965492643112	13.365071832620517	\N
4	202211	\N	27.608616477272726	113.04810071503074	0.0	\N	47.599126420454546	2.841	\N
4	202212	\N	78.25340865384615	125.50048557692307	0.0	\N	53.38866185897436	3.4030730769230773	\N
4	202301	\N	77.91665127696378	121.28198762409087	0.0	\N	41.8001282051282	3.7800000000000002	\N
4	202302	\N	78.92101728256293	129.92617009787332	0.0	\N	36.21170776643991	3.7800000000000007	\N
4	202303	\N	52.15400386742974	92.46638053434651	0.0	\N	\N	3.7802419354838714	\N
\.


--
-- Data for Name: fact_risk_prediction; Type: TABLE DATA; Schema: analytics; Owner: -
--

COPY analytics.fact_risk_prediction (prediction_id, city_id, date_id, model_version, risk_level, confidence, top_features, predicted_at) FROM stdin;
1	1	202300	baseline_v1	High	0.453	[{"feature": "avg_pm25", "mean_abs_shap": 0.0796}, {"feature": "avg_wind_kmh", "mean_abs_shap": 0.0708}, {"feature": "avg_temp_c", "mean_abs_shap": 0.0603}, {"feature": "avg_pm10", "mean_abs_shap": 0.0537}, {"feature": "avg_humidity", "mean_abs_shap": 0.0284}, {"feature": "total_rainfall_mm", "mean_abs_shap": 0.0279}]	2026-07-12 14:33:29.940368+00
2	2	202300	baseline_v1	Medium	0.680	[{"feature": "avg_pm25", "mean_abs_shap": 0.0796}, {"feature": "avg_wind_kmh", "mean_abs_shap": 0.0708}, {"feature": "avg_temp_c", "mean_abs_shap": 0.0603}, {"feature": "avg_pm10", "mean_abs_shap": 0.0537}, {"feature": "avg_humidity", "mean_abs_shap": 0.0284}, {"feature": "total_rainfall_mm", "mean_abs_shap": 0.0279}]	2026-07-12 14:33:29.981435+00
3	3	202300	baseline_v1	High	0.772	[{"feature": "avg_pm25", "mean_abs_shap": 0.0796}, {"feature": "avg_wind_kmh", "mean_abs_shap": 0.0708}, {"feature": "avg_temp_c", "mean_abs_shap": 0.0603}, {"feature": "avg_pm10", "mean_abs_shap": 0.0537}, {"feature": "avg_humidity", "mean_abs_shap": 0.0284}, {"feature": "total_rainfall_mm", "mean_abs_shap": 0.0279}]	2026-07-12 14:33:30.001418+00
4	4	202300	baseline_v1	High	0.453	[{"feature": "avg_pm25", "mean_abs_shap": 0.0796}, {"feature": "avg_wind_kmh", "mean_abs_shap": 0.0708}, {"feature": "avg_temp_c", "mean_abs_shap": 0.0603}, {"feature": "avg_pm10", "mean_abs_shap": 0.0537}, {"feature": "avg_humidity", "mean_abs_shap": 0.0284}, {"feature": "total_rainfall_mm", "mean_abs_shap": 0.0279}]	2026-07-12 14:33:30.022687+00
5	5	202300	baseline_v1	High	0.485	[{"feature": "avg_pm25", "mean_abs_shap": 0.0796}, {"feature": "avg_wind_kmh", "mean_abs_shap": 0.0708}, {"feature": "avg_temp_c", "mean_abs_shap": 0.0603}, {"feature": "avg_pm10", "mean_abs_shap": 0.0537}, {"feature": "avg_humidity", "mean_abs_shap": 0.0284}, {"feature": "total_rainfall_mm", "mean_abs_shap": 0.0279}]	2026-07-12 14:33:30.044394+00
6	6	202300	baseline_v1	High	0.808	[{"feature": "avg_pm25", "mean_abs_shap": 0.0796}, {"feature": "avg_wind_kmh", "mean_abs_shap": 0.0708}, {"feature": "avg_temp_c", "mean_abs_shap": 0.0603}, {"feature": "avg_pm10", "mean_abs_shap": 0.0537}, {"feature": "avg_humidity", "mean_abs_shap": 0.0284}, {"feature": "total_rainfall_mm", "mean_abs_shap": 0.0279}]	2026-07-12 14:33:30.065826+00
7	1	202200	enriched_v2	High	0.953	[{"feature": "prev_total_accidents", "shap_value": 1.9308}, {"feature": "avg_pm25", "shap_value": 0.0}, {"feature": "avg_pm10", "shap_value": 0.0}, {"feature": "avg_temp_c", "shap_value": 0.0}, {"feature": "total_rainfall_mm", "shap_value": 0.0}, {"feature": "avg_humidity", "shap_value": 0.0}, {"feature": "avg_wind_kmh", "shap_value": 0.0}, {"feature": "prev_fatality_rate", "shap_value": 0.0}, {"feature": "pm25_yoy_change", "shap_value": 0.0}, {"feature": "temp_yoy_change", "shap_value": 0.0}, {"feature": "monsoon_rain_share", "shap_value": 0.0}]	2026-07-13 04:47:43.918981+00
8	2	202200	enriched_v2	Medium	0.927	[{"feature": "prev_total_accidents", "shap_value": 1.3457}, {"feature": "pm25_yoy_change", "shap_value": 0.2773}, {"feature": "avg_pm25", "shap_value": 0.0844}, {"feature": "avg_pm10", "shap_value": 0.0528}, {"feature": "avg_temp_c", "shap_value": 0.0298}, {"feature": "total_rainfall_mm", "shap_value": 0.0}, {"feature": "avg_humidity", "shap_value": 0.0}, {"feature": "avg_wind_kmh", "shap_value": 0.0}, {"feature": "prev_fatality_rate", "shap_value": 0.0}, {"feature": "temp_yoy_change", "shap_value": 0.0}, {"feature": "monsoon_rain_share", "shap_value": 0.0}]	2026-07-13 04:47:43.980763+00
9	3	202200	enriched_v2	High	0.959	[{"feature": "prev_total_accidents", "shap_value": 1.9308}, {"feature": "avg_pm25", "shap_value": 0.0}, {"feature": "avg_pm10", "shap_value": 0.0}, {"feature": "avg_temp_c", "shap_value": 0.0}, {"feature": "total_rainfall_mm", "shap_value": 0.0}, {"feature": "avg_humidity", "shap_value": 0.0}, {"feature": "avg_wind_kmh", "shap_value": 0.0}, {"feature": "prev_fatality_rate", "shap_value": 0.0}, {"feature": "pm25_yoy_change", "shap_value": 0.0}, {"feature": "temp_yoy_change", "shap_value": 0.0}, {"feature": "monsoon_rain_share", "shap_value": 0.0}]	2026-07-13 04:47:44.011734+00
10	4	202200	enriched_v2	High	0.953	[{"feature": "prev_total_accidents", "shap_value": 1.9308}, {"feature": "avg_pm25", "shap_value": 0.0}, {"feature": "avg_pm10", "shap_value": 0.0}, {"feature": "avg_temp_c", "shap_value": 0.0}, {"feature": "total_rainfall_mm", "shap_value": 0.0}, {"feature": "avg_humidity", "shap_value": 0.0}, {"feature": "avg_wind_kmh", "shap_value": 0.0}, {"feature": "prev_fatality_rate", "shap_value": 0.0}, {"feature": "pm25_yoy_change", "shap_value": 0.0}, {"feature": "temp_yoy_change", "shap_value": 0.0}, {"feature": "monsoon_rain_share", "shap_value": 0.0}]	2026-07-13 04:47:44.041933+00
11	5	202200	enriched_v2	High	0.957	[{"feature": "prev_total_accidents", "shap_value": 1.9308}, {"feature": "avg_pm25", "shap_value": 0.0}, {"feature": "avg_pm10", "shap_value": 0.0}, {"feature": "avg_temp_c", "shap_value": 0.0}, {"feature": "total_rainfall_mm", "shap_value": 0.0}, {"feature": "avg_humidity", "shap_value": 0.0}, {"feature": "avg_wind_kmh", "shap_value": 0.0}, {"feature": "prev_fatality_rate", "shap_value": 0.0}, {"feature": "pm25_yoy_change", "shap_value": 0.0}, {"feature": "temp_yoy_change", "shap_value": 0.0}, {"feature": "monsoon_rain_share", "shap_value": 0.0}]	2026-07-13 04:47:44.078101+00
12	6	202200	enriched_v2	High	0.946	[{"feature": "prev_total_accidents", "shap_value": 1.9308}, {"feature": "avg_pm25", "shap_value": 0.0}, {"feature": "avg_pm10", "shap_value": 0.0}, {"feature": "avg_temp_c", "shap_value": 0.0}, {"feature": "total_rainfall_mm", "shap_value": 0.0}, {"feature": "avg_humidity", "shap_value": 0.0}, {"feature": "avg_wind_kmh", "shap_value": 0.0}, {"feature": "prev_fatality_rate", "shap_value": 0.0}, {"feature": "pm25_yoy_change", "shap_value": 0.0}, {"feature": "temp_yoy_change", "shap_value": 0.0}, {"feature": "monsoon_rain_share", "shap_value": 0.0}]	2026-07-13 04:47:44.113078+00
\.


--
-- Name: anomalies_anomaly_id_seq; Type: SEQUENCE SET; Schema: analytics; Owner: -
--

SELECT pg_catalog.setval('analytics.anomalies_anomaly_id_seq', 157, true);


--
-- Name: dim_city_city_id_seq; Type: SEQUENCE SET; Schema: analytics; Owner: -
--

SELECT pg_catalog.setval('analytics.dim_city_city_id_seq', 18, true);


--
-- Name: fact_risk_prediction_prediction_id_seq; Type: SEQUENCE SET; Schema: analytics; Owner: -
--

SELECT pg_catalog.setval('analytics.fact_risk_prediction_prediction_id_seq', 12, true);


--
-- Name: anomalies anomalies_city_id_date_id_metric_key; Type: CONSTRAINT; Schema: analytics; Owner: -
--

ALTER TABLE ONLY analytics.anomalies
    ADD CONSTRAINT anomalies_city_id_date_id_metric_key UNIQUE (city_id, date_id, metric);


--
-- Name: anomalies anomalies_pkey; Type: CONSTRAINT; Schema: analytics; Owner: -
--

ALTER TABLE ONLY analytics.anomalies
    ADD CONSTRAINT anomalies_pkey PRIMARY KEY (anomaly_id);


--
-- Name: dim_city dim_city_city_name_key; Type: CONSTRAINT; Schema: analytics; Owner: -
--

ALTER TABLE ONLY analytics.dim_city
    ADD CONSTRAINT dim_city_city_name_key UNIQUE (city_name);


--
-- Name: dim_city dim_city_pkey; Type: CONSTRAINT; Schema: analytics; Owner: -
--

ALTER TABLE ONLY analytics.dim_city
    ADD CONSTRAINT dim_city_pkey PRIMARY KEY (city_id);


--
-- Name: dim_date dim_date_pkey; Type: CONSTRAINT; Schema: analytics; Owner: -
--

ALTER TABLE ONLY analytics.dim_date
    ADD CONSTRAINT dim_date_pkey PRIMARY KEY (date_id);


--
-- Name: fact_accident_month fact_accident_month_pkey; Type: CONSTRAINT; Schema: analytics; Owner: -
--

ALTER TABLE ONLY analytics.fact_accident_month
    ADD CONSTRAINT fact_accident_month_pkey PRIMARY KEY (city_id, date_id);


--
-- Name: fact_environment_month fact_environment_month_pkey; Type: CONSTRAINT; Schema: analytics; Owner: -
--

ALTER TABLE ONLY analytics.fact_environment_month
    ADD CONSTRAINT fact_environment_month_pkey PRIMARY KEY (city_id, date_id);


--
-- Name: fact_risk_prediction fact_risk_prediction_pkey; Type: CONSTRAINT; Schema: analytics; Owner: -
--

ALTER TABLE ONLY analytics.fact_risk_prediction
    ADD CONSTRAINT fact_risk_prediction_pkey PRIMARY KEY (prediction_id);


--
-- Name: idx_fact_accident_date; Type: INDEX; Schema: analytics; Owner: -
--

CREATE INDEX idx_fact_accident_date ON analytics.fact_accident_month USING btree (date_id);


--
-- Name: idx_fact_env_date; Type: INDEX; Schema: analytics; Owner: -
--

CREATE INDEX idx_fact_env_date ON analytics.fact_environment_month USING btree (date_id);


--
-- Name: idx_fact_risk_date; Type: INDEX; Schema: analytics; Owner: -
--

CREATE INDEX idx_fact_risk_date ON analytics.fact_risk_prediction USING btree (date_id);


--
-- Name: anomalies anomalies_city_id_fkey; Type: FK CONSTRAINT; Schema: analytics; Owner: -
--

ALTER TABLE ONLY analytics.anomalies
    ADD CONSTRAINT anomalies_city_id_fkey FOREIGN KEY (city_id) REFERENCES analytics.dim_city(city_id);


--
-- Name: anomalies anomalies_date_id_fkey; Type: FK CONSTRAINT; Schema: analytics; Owner: -
--

ALTER TABLE ONLY analytics.anomalies
    ADD CONSTRAINT anomalies_date_id_fkey FOREIGN KEY (date_id) REFERENCES analytics.dim_date(date_id);


--
-- Name: fact_accident_month fact_accident_month_city_id_fkey; Type: FK CONSTRAINT; Schema: analytics; Owner: -
--

ALTER TABLE ONLY analytics.fact_accident_month
    ADD CONSTRAINT fact_accident_month_city_id_fkey FOREIGN KEY (city_id) REFERENCES analytics.dim_city(city_id);


--
-- Name: fact_accident_month fact_accident_month_date_id_fkey; Type: FK CONSTRAINT; Schema: analytics; Owner: -
--

ALTER TABLE ONLY analytics.fact_accident_month
    ADD CONSTRAINT fact_accident_month_date_id_fkey FOREIGN KEY (date_id) REFERENCES analytics.dim_date(date_id);


--
-- Name: fact_environment_month fact_environment_month_city_id_fkey; Type: FK CONSTRAINT; Schema: analytics; Owner: -
--

ALTER TABLE ONLY analytics.fact_environment_month
    ADD CONSTRAINT fact_environment_month_city_id_fkey FOREIGN KEY (city_id) REFERENCES analytics.dim_city(city_id);


--
-- Name: fact_environment_month fact_environment_month_date_id_fkey; Type: FK CONSTRAINT; Schema: analytics; Owner: -
--

ALTER TABLE ONLY analytics.fact_environment_month
    ADD CONSTRAINT fact_environment_month_date_id_fkey FOREIGN KEY (date_id) REFERENCES analytics.dim_date(date_id);


--
-- Name: fact_risk_prediction fact_risk_prediction_city_id_fkey; Type: FK CONSTRAINT; Schema: analytics; Owner: -
--

ALTER TABLE ONLY analytics.fact_risk_prediction
    ADD CONSTRAINT fact_risk_prediction_city_id_fkey FOREIGN KEY (city_id) REFERENCES analytics.dim_city(city_id);


--
-- Name: fact_risk_prediction fact_risk_prediction_date_id_fkey; Type: FK CONSTRAINT; Schema: analytics; Owner: -
--

ALTER TABLE ONLY analytics.fact_risk_prediction
    ADD CONSTRAINT fact_risk_prediction_date_id_fkey FOREIGN KEY (date_id) REFERENCES analytics.dim_date(date_id);


--
-- PostgreSQL database dump complete
--

\unrestrict Mh7BLvj8MC9dLP0qjnZ4srDLOSnRrt9gZz8bR0msqLjoWs312dDQPtgWhCDHfSg

